20060406,nan
20060407,nan
20060410,nan
20060411,60.714285714285708
20060412,52.307692307692299
20060413,27.530364372469641
20060414,63.469387755101927
20060417,73.373001115656322
20060418,76.551498280661505
20060419,79.052077238150929
20060420,38.755714926042081
20060421,73.969434527324879
20060424,71.29596815212939
20060425,35.119933029081778
20060426,64.762582585643742
20060427,65.87619768755458
20060428,85.33781688038961
20060508,92.808439818625743
20060509,95.038843391280409
20060510,95.646442504183497
20060511,74.983863540191749
20060512,89.273542826075698
20060515,95.466978130454677
20060516,63.065026145722356
20060517,64.609393024279086
20060518,62.016297489635164
20060519,55.351684255018952
20060522,53.207447150343675
20060523,17.208796414518211
20060524,21.62751335060458
20060525,20.795108800381374
20060526,67.582932722105184
20060529,80.20907526121033
20060530,83.435025982075103
20060531,71.741115456120198
20060601,88.566732887955794
20060602,85.829047636706775
20060605,53.550636896202654
20060606,49.274261008346357
20060607,12.522898691443526
20060608,23.062791133513141
20060609,14.95453786369799
20060612,14.95453786369799
20060613,13.212591722749773
20060614,9.791105992766088
20060615,15.276058578959063
20060616,72.649371371091206
20060619,79.108056149289425
20060620,83.32661241106733
20060621,78.567260060685243
20060622,62.502506146382245
20060623,79.373015669469567
20060626,93.365299026428644
20060627,93.36529902642863
20060628,93.365299026428644
20060629,97.730265715426341
20060630,89.334138797790814
20060703,95.914770856050581
20060704,68.159657016228934
20060705,33.000424597826779
20060706,54.948541357252367
20060707,40.797646460165808
20060710,39.525278601412865
20060711,46.967944951525155
20060712,52.779415396281152
20060713,10.853620006759135
20060714,22.623463138878712
20060717,35.414192633305561
20060718,31.507884207734239
20060719,13.559700105141662
20060720,28.774552086799808
20060721,53.387925976704231
20060724,53.387925976704231
20060725,73.777088487945363
20060726,73.777088487945363
20060727,44.547790388999729
20060728,23.552640093292847
20060731,8.8893570829393056
20060801,6.8370726426651593
20060802,5.2278133928694706
20060803,19.447669256290428
20060804,10.546520919087641
20060807,6.0881049134879088
20060808,42.530147550205633
20060809,49.83063677015987
20060810,69.902885937852616
20060811,64.383096280000771
20060814,35.198970700214396
20060815,59.059234983285883
20060816,71.963375500072956
20060817,50.482646617390216
20060818,56.913243611875217
20060821,59.540397341625393
20060822,77.807777153525592
20060823,81.894960547137202
20060824,87.602936679530956
20060825,91.005697415598206
20060828,97.155087617179575
20060829,81.278040363433419
20060830,68.655861425699598
20060831,63.708977207882079
20060901,26.489776916662542
20060904,59.36195011246059
20060905,68.238779549868994
20060906,80.021603833403944
20060907,45.937604011816326
20060908,53.383459620746542
20060911,67.013048531374821
20060912,83.696608362510716
20060913,85.976379135434158
20060914,75.428850572431784
20060915,93.129386002591573
20060918,95.945705629630638
20060919,63.44000093064858
20060920,55.868821385252218
20060921,73.594852058727298
20060922,49.659137821254582
20060925,41.270062421806685
20060926,24.878878376478482
20060927,50.055731624515744
20060928,71.893086651485191
20060929,81.750098481718055
20061009,91.420856675487741
20061010,92.42444268042172
20061011,89.290875505832332
20061012,77.471213888299005
20061013,72.661987314740756
20061016,28.131083195842997
20061017,19.636382943750377
20061018,65.931135916897205
20061019,70.21995437221392
20061020,73.914281396983611
20061023,33.928810392879988
20061024,65.168358831452792
20061025,71.828365584415735
20061026,82.983645279664728
20061027,52.061198947749908
20061030,66.221539784933583
20061031,80.569886926695247
20061101,87.651270020143002
20061102,76.0956939236832
20061103,86.941573622848495
20061106,91.752686979645532
20061107,94.688216139873091
20061108,59.431627241208773
20061109,77.584654398972319
20061110,71.010536121639973
20061113,41.793966535328572
20061114,58.207481308615847
20061115,79.072724253069111
20061116,46.417809459686069
20061117,64.268161610245883
20061120,79.45938481244994
20061121,81.384484551297149
20061122,84.918209225176255
20061123,87.994749686487111
20061124,73.085923304100646
20061127,54.588289457986065
20061128,31.888889795836651
20061129,62.814508908990163
20061130,83.294371255934081
20061201,85.01386967038674
20061204,94.746735425441173
20061205,95.213071906157637
20061206,87.45006038807837
20061207,91.396038291608164
20061208,31.66291810367402
20061211,70.793688716893939
20061212,72.788876988400133
20061213,66.023429718676937
20061214,77.905153757168364
20061215,85.507348974745611
20061218,91.216105786335035
20061219,92.168758691896286
20061220,95.118430271445348
20061221,62.515337964258975
20061222,38.559766699897295
20061225,65.346679779710144
20061226,69.890694340101319
20061227,86.189344949711781
20061228,87.835548217410661
20061229,95.605494071616832
20070104,96.144998056862136
20070105,71.000886746329044
20070108,84.16770083045769
20070109,91.937796756150348
20070110,93.260774077867907
20070111,70.652760563983236
20070112,38.12634089984698
20070115,67.531401527153079
20070116,73.828142896895528
20070117,54.034362184654647
20070118,51.593334305461113
20070119,76.390789986092287
20070122,88.502749939524875
20070123,91.085361169926301
20070124,92.943017554526477
20070125,61.957119299306264
20070126,81.098206961735357
20070129,87.022968692133233
20070130,71.289737736537944
20070131,26.657248413518488
20070201,25.003648673214951
20070202,13.404302581832962
20070205,9.8622459798010436
20070206,40.384294254123191
20070207,55.373618196063532
20070208,61.713071291404773
20070209,47.619934370419323
20070212,76.253159516175671
20070213,79.500352703542461
20070214,88.886572157110635
20070215,93.131920898714142
20070216,88.312556607885412
20070226,88.749208682149344
20070227,19.193183469606392
20070228,38.836951226309992
20070301,27.759646412414153
20070302,39.757855590117124
20070305,27.731476058080144
20070306,52.79552447040291
20070307,68.358461047298974
20070308,71.106347202993732
20070309,69.300833249801812
20070312,58.214564633269347
20070313,65.635950954555341
20070314,28.878255782214147
20070315,60.076005593027347
20070316,38.938766198563854
20070319,72.830743012839534
20070320,69.140697341687684
20070321,77.881730228682628
20070322,80.152149561198414
20070323,73.670277681076797
20070326,86.428740994766898
20070327,87.320610382156957
20070328,94.598099465856194
20070329,96.357372417518263
20070330,73.075694534508841
20070402,87.938500480258639
20070403,91.112892160646453
20070404,92.464999241029346
20070405,93.372492438487527
20070406,94.239686353959897
20070409,98.105922373439554
20070410,98.671702951716767
20070411,99.215170099842425
20070412,99.529441898087484
20070413,69.198793631140816
20070416,86.012370044975768
20070417,76.329375640162908
20070418,61.27811934923578
20070419,21.100560884673509
20070420,57.783122177240728
20070423,76.997760681705657
20070424,75.577639368793967
20070425,80.730850150917817
20070426,83.894754725447271
20070427,65.168979993179704
20070430,78.732137123484733
20070508,90.692466601439264
20070509,92.313460632168528
20070510,94.0729729404203
20070511,72.243850772269425
20070514,81.764572469112991
20070515,31.756416570518294
20070516,52.476623275131516
20070517,65.550954135576816
20070518,54.338919268568119
20070521,57.091142408008899
20070522,71.167815452658118
20070523,82.780024086318846
20070524,57.452225798121518
20070525,74.413885160337571
20070528,86.346520100791352
20070529,91.788558304448671
20070530,24.872036871931829
20070531,54.16302762766626
20070601,50.041171524332952
20070604,26.000463284465557
20070605,31.767355548824959
20070606,30.100613644788531
20070607,59.291018926888562
20070608,62.709431078559973
20070611,75.374842486612678
20070612,85.305576914229292
20070613,91.752744743543886
20070614,71.132338420458879
20070615,75.952488039892302
20070618,88.510071195482425
20070619,79.436015756945892
20070620,53.952793058099488
20070621,64.0191282887521
20070622,35.306764157072891
20070625,20.190291830010786
20070626,34.262859612106936
20070627,69.093330019397143
20070628,42.533113336755491
20070629,27.905270182755199
20070702,42.350402842493025
20070703,49.099472358102297
20070704,27.516378427347522
20070705,13.5984265390745
20070706,42.247989331885506
20070709,65.628696572460782
20070710,59.420633692760951
20070711,60.127819581283084
20070712,73.359511275845875
20070713,74.685913672209082
20070716,26.393164941006809
20070717,59.589105004221445
20070718,63.991385083721184
20070719,57.14374979704202
20070720,86.049750394579576
20070723,92.271800636284723
20070724,92.317286764782963
20070725,95.588710335214572
20070726,88.833904362570891
20070727,65.81296925909173
20070730,83.593118424681265
20070731,86.556922549381468
20070801,41.125396294112434
20070802,63.910168589800875
20070803,82.698120431148382
20070806,86.109162999550108
20070807,86.884853133248711
20070808,72.849982897982031
20070809,87.952844315691507
20070810,83.837828681767917
20070813,86.537291023295381
20070814,90.800957199775453
20070815,92.116753680662825
20070816,40.272679864422507
20070817,20.741775946108689
20070820,73.34345805802009
20070821,76.248924297342668
20070822,81.552919327299918
20070823,85.904287253162792
20070824,92.257547197078281
20070827,92.916582173788484
20070828,92.132354671717877
20070829,56.418756125994541
20070830,67.6905591965171
20070831,78.705651222364537
20070903,90.384322694453516
20070904,56.578220158378542
20070905,55.230970463955366
20070906,70.390098823163882
20070907,39.554228636428832
20070910,59.64384807615086
20070911,23.34000557720934
20070912,28.370674184880496
20070913,58.792517747933573
20070914,62.264934738490609
20070917,81.417212355844811
20070918,65.062000511882118
20070919,45.483260033855686
20070920,61.965005075993254
20070921,44.064049999560424
20070924,61.247350727982266
20070925,46.605073970072283
20070926,27.140095448921269
20070927,53.409563364245216
20070928,80.604529765237785
20071008,85.364182754765366
20071009,87.099303323433389
20071010,90.483819567453338
20071011,95.814828832373067
20071012,85.322562366311416
20071015,93.2866663496321
20071016,93.755796031676894
20071017,64.086505866501426
20071018,25.771382623458443
20071019,21.972795465350455
20071022,13.377225808093721
20071023,47.896127212595772
20071024,58.333026063008887
20071025,27.516720464703937
20071026,45.442462723551515
20071029,62.586938032528018
20071030,70.784205691250719
20071031,71.349175826907199
20071101,52.177997661800887
20071102,25.853560342463648
20071105,15.628197931962978
20071106,13.339797614272983
20071107,27.863598003810093
20071108,8.7238175250207473
20071109,7.3443507603594496
20071112,5.5701813837833667
20071113,4.5812295233778695
20071114,65.303221934836401
20071115,46.319648102035579
20071116,35.087007613320004
20071119,31.706533901426603
20071120,49.674867040549984
20071121,37.118510355318271
20071122,14.044027858368052
20071123,36.172215869869021
20071126,23.808299821500988
20071127,22.339854023464206
20071128,15.083411947666356
20071129,69.559974523794082
20071130,47.366360923056867
20071203,55.593134375228523
20071204,63.643504210796607
20071205,80.659105386321286
20071206,73.61210418475757
20071207,84.058135473223544
20071210,88.832582428528639
20071211,71.090183247108001
20071212,39.300218483783112
20071213,18.340692219549272
20071214,43.541671275593131
20071217,26.890415529475835
20071218,23.151296831727315
20071219,53.55156767783177
20071220,68.669439543268183
20071221,76.67242567241793
20071224,83.740839247768918
20071225,81.237564580545921
20071226,85.083466517447576
20071227,92.745182100496208
20071228,70.163846853056398
20080102,63.172459494055012
20080103,69.917016079830901
20080104,83.83289779517537
20080107,90.698750814208424
20080108,92.020378732956914
20080109,96.042836603938213
20080110,96.654796064060179
20080111,98.250792682322682
20080114,98.772088066562915
20080115,53.225244999932521
20080116,22.235405575171889
20080117,14.406548331941154
20080118,21.331169530707569
20080121,7.9035734445320749
20080122,3.4280884786259591
20080123,33.888363480300285
20080124,31.838878793523122
20080125,45.645283670801348
20080128,18.934814558556347
20080129,22.593370575011683
20080130,16.122645489309129
20080131,13.357224226688647
20080201,12.47460051108577
20080204,78.928535971937379
20080205,63.611430574628415
20080213,46.439544522031163
20080214,53.97371972336186
20080215,39.180121807950911
20080218,55.762757079501512
20080219,71.413772289257395
20080220,42.891970151341532
20080221,33.450296929004416
20080222,16.918924617675195
20080225,10.620470839318012
20080226,20.221550265553883
20080227,48.242624577060425
20080228,41.930792015800172
20080229,53.97434254501173
20080303,73.967799421494519
20080304,37.020627423202043
20080305,30.272348715003016
20080306,44.915524002279945
20080307,33.694854926740263
20080310,14.738232828735351
20080311,14.738232828735354
20080312,7.8934280504930507
20080313,5.0324040065667575
20080314,4.335259020034953
20080317,2.3173691338139184
20080318,1.2117548950546353
20080319,34.589813028034911
20080320,51.85035083453603
20080321,53.439129127092443
20080324,22.122898302635683
20080325,26.632801998740383
20080326,35.585471671176542
20080327,14.997331005595814
20080328,57.456266381460772
20080331,38.316919177402262
20080401,24.571417659164055
20080402,33.284836757600146
20080403,57.834318144315766
20080407,76.161472303014861
20080408,73.302194712615062
20080409,34.737417645588728
20080410,44.020881910779771
20080411,47.497534420399703
20080414,17.607522639816153
20080415,26.867984634824055
20080416,18.405304476016429
20080417,11.629058920781898
20080418,7.7526436650425827
20080421,27.287625349140722
20080422,44.444643810820551
20080423,73.445747983733085
20080424,91.065438107047243
20080425,89.429239234044203
20080428,64.176743817786104
20080429,69.637922027311077
20080430,86.440981941641851
20080505,87.878479761439863
20080506,66.672922032522635
20080507,34.455245395654835
20080508,50.836069722519682
20080509,36.624597121999784
20080512,41.604987280387597
20080513,28.273607342275525
20080514,62.073384186035561
20080515,54.689438674753276
20080516,50.94629864202782
20080519,36.882104101598813
20080520,12.13789672544462
20080521,37.284701765193603
20080522,26.877240356596698
20080523,29.446032675272438
20080526,13.805386196863894
20080527,17.62135962739017
20080528,58.730430953973837
20080529,35.621540442479031
20080530,50.464599837316527
20080602,57.19372839682336
20080603,49.758368911681934
20080604,24.749518016016282
20080605,17.888187487041598
20080606,15.077527352881376
20080610,2.9164487933798964
20080611,2.6263311316980888
20080612,1.888360139355062
20080613,1.4538479420542656
20080616,3.1677803179930062
20080617,1.8874991043565068
20080618,52.393663415992521
20080619,22.383894679744532
20080620,45.912830925824132
20080623,34.092282390518093
20080624,46.600697636980982
20080625,66.139849275852796
20080626,64.718983485905284
20080627,28.011447114797328
20080630,23.995436317514269
20080701,13.34935699997237
20080702,12.420594479655646
20080703,31.673232036445309
20080704,25.455553353189273
20080707,73.480527845227101
20080708,72.907716656700288
20080709,87.902373346215228
20080710,70.286693678193629
20080711,61.102904210537211
20080714,65.721730746603143
20080715,24.339496357682336
20080716,15.018232277484231
20080717,13.350951065754794
20080718,58.05473148164053
20080721,72.330115442589346
20080722,65.534490751688494
20080723,59.124923270211205
20080724,81.568424443839064
20080725,65.355320986241253
20080728,70.005598616938315
20080729,39.453312062508587
20080730,37.029232265833876
20080731,17.896419023226244
20080801,44.5643380801205
20080804,26.795138302172173
20080805,18.936411537673266
20080806,39.924385412371713
20080807,42.409488316506142
20080808,13.114534989715004
20080811,7.8008372452387054
20080812,7.1857340267568253
20080813,6.2926130060508001
20080814,5.6753889344688879
20080815,28.285523303684499
20080818,8.8246344563346675
20080819,24.843204404763206
20080820,77.146188657231932
20080821,53.467658715834176
20080822,42.33105910387021
20080825,47.273098501038966
20080826,33.343241330154356
20080827,37.587319111864623
20080828,49.617007326316411
20080829,69.913506986769775
20080901,33.488620476830555
20080902,25.086459959350403
20080903,16.106394068189104
20080904,18.299827110522326
20080905,9.2402227917155972
20080908,6.5262511198479478
20080909,19.234405687629021
20080910,18.125498253384265
20080911,6.1231115823784279
20080912,10.064179875246058
20080916,2.7772237150672732
20080917,1.9598600733084286
20080918,1.5142127130307346
20080919,63.161243733206909
20080922,81.893939531669332
20080923,53.250550149264917
20080924,57.12268888189368
20080925,70.178577666068605
20080926,67.672458913369567
20081006,35.091169227839671
20081007,28.87529336011395
20081008,17.043061213572443
20081009,15.197840270012813
20081010,9.3277843843568711
20081013,50.997449333974906
20081014,36.78576351601447
20081015,29.525709890550406
20081016,16.591451520368498
20081017,22.99641007870602
20081020,52.860306206022543
20081021,41.805774579328556
20081022,27.604535847949123
20081023,25.108200475097004
20081024,13.842195056973573
20081027,5.0802939809328009
20081028,37.117433018779778
20081029,28.072977407983601
20081030,47.988725993911522
20081031,36.8560040926846
20081103,37.535267632917204
20081104,34.732998855079842
20081105,72.153639469282979
20081106,44.639915037484251
20081107,59.268643600770432
20081110,85.995508644154484
20081111,66.781883449387934
20081112,70.432631912051718
20081113,81.250724600670381
20081114,86.530825599016737
20081117,88.357534221119181
20081118,33.038227621193947
20081119,50.438174048882125
20081120,35.063152996428705
20081121,33.367901978491723
20081124,17.703893200144687
20081125,16.92251663497284
20081126,19.584424613549636
20081127,50.507545125607386
20081128,23.69645111636553
20081201,38.175262160813006
20081202,34.867189018502089
20081203,76.686294080578406
20081204,83.067491145032889
20081205,86.545526336514172
20081208,93.718189056552745
20081209,59.648086737973294
20081210,74.290653021904262
20081211,49.980173768459714
20081212,28.403442580010456
20081215,33.688442749883549
20081216,41.033602447824144
20081217,40.28980290318308
20081218,69.825598926826444
20081219,67.061263980266105
20081222,36.033836872752516
20081223,14.100293463274266
20081224,10.657209988410559
20081225,8.94735678904682
20081226,8.7714443986971755
20081229,7.2705267914186109
20081230,4.3798052389323319
20081231,3.4621241874589503
20090105,68.274113294795285
20090106,82.122735797495423
20090107,71.577779023271518
20090108,38.125342503280478
20090109,54.472715751008536
20090112,47.327566621872599
20090113,30.228359912926411
20090114,71.916672787844391
20090115,60.692278988767093
20090116,77.619824575732238
20090119,82.680847757393792
20090120,85.304451791981919
20090121,73.597960674457838
20090122,81.679277304036731
20090123,65.612724429017717
20090202,67.975003386411387
20090203,89.358228570301165
20090204,95.178181582842882
20090205,86.155545522565433
20090206,94.698768397729154
20090209,96.004175298329386
20090210,96.289690530246446
20090211,96.51387635607685
20090212,54.984886804005406
20090213,82.691022545174945
20090216,90.48430467195108
20090217,58.744822915074209
20090218,30.02309350679857
20090219,27.971690619215074
20090220,42.072268670383096
20090223,63.857248821143934
20090224,27.917905412290455
20090225,37.416151847864931
20090226,22.781693355070843
20090227,18.76013013114083
20090302,20.963089604095806
20090303,14.282334121406079
20090304,75.172562936993984
20090305,78.643791279008539
20090306,68.298875629372645
20090309,36.61867590154565
20090310,50.036115203509709
20090311,41.131035480104508
20090312,39.717313253727312
20090313,36.866255653822172
20090316,72.880686265392214
20090317,87.556733786839118
20090318,81.102347878696165
20090319,88.329160133437341
20090320,78.660226227024467
20090323,89.812238760018658
20090324,91.192983788691478
20090325,52.501996155705477
20090326,81.745630587617057
20090327,82.831615572186664
20090330,72.482538483804063
20090331,79.984730640205925
20090401,86.527411517005362
20090402,91.937281308550823
20090403,93.803437089146584
20090407,94.533401187227568
20090408,25.164925818426877
20090409,46.359488642756816
20090410,68.688041829333073
20090413,80.723917779896837
20090414,81.625561463464706
20090415,72.6991881940463
20090416,69.444496109838127
20090417,38.455349593884989
20090420,70.121461724842689
20090421,43.029513829173311
20090422,22.457511939875239
20090423,21.215519486146661
20090424,16.181643840841996
20090427,9.1979075605186811
20090428,9.0155191600892284
20090429,71.038515738682079
20090430,71.038515738682079
20090504,87.520742435643882
20090505,88.172160860360876
20090506,91.617856670446557
20090507,92.68357075767122
20090508,96.405217123851514
20090511,60.92753722569573
20090512,76.279216353483079
20090513,82.156036171437165
20090514,49.929115336215119
20090515,53.2624762892411
20090518,63.331987735851115
20090519,78.118102866094546
20090520,44.989666249711405
20090521,20.841565090899778
20090522,20.517659006695951
20090525,31.66831032727071
20090526,16.140872661801144
20090527,59.687463764787161
20090601,83.49090495635582
20090602,80.22400408998827
20090603,91.024013100847071
20090604,92.125355042665063
20090605,83.358513803664934
20090608,87.735276474243349
20090609,90.677494144652201
20090610,93.255942765358384
20090611,73.519696861809024
20090612,33.674683202115837
20090615,68.864171696037488
20090616,56.939306988211257
20090617,71.334503516385126
20090618,84.335679588719984
20090619,89.117272829096606
20090622,89.724371156777323
20090623,91.502095464125262
20090624,92.646985859821143
20090625,86.799877015345487
20090626,89.719551629269958
20090629,97.49048990320307
20090630,77.176580195814466
20090701,90.923912054674744
20090702,94.232467656886058
20090703,95.869808772735581
20090706,97.373776859613415
20090707,64.137676588604236
20090708,52.511608013959801
20090709,69.901952208196974
20090710,55.544060757441571
20090713,29.156288281072275
20090714,68.631736685710592
20090715,74.940582479927315
20090716,80.197712613120586
20090717,83.302555897734877
20090720,91.232959103786811
20090721,58.112513235437433
20090722,76.944627363655187
20090723,83.453749512828722
20090724,87.751596672041813
20090727,93.414319219591363
20090728,81.10995235357494
20090729,28.331674439231737
20090730,56.776699870056447
20090731,70.153421214691704
20090803,73.62547512473806
20090804,59.433727536770284
20090805,38.470767399602821
20090806,22.89614054779781
20090807,14.245407171230273
20090810,12.165986792839982
20090811,13.166658454003736
20090812,4.1756082314721565
20090813,27.242857493557771
20090814,17.940839471342517
20090817,7.963117061293171
20090818,12.74492944447427
20090819,6.5858561217021823
20090820,44.986997357578772
20090821,53.058341114042648
20090824,54.103246522439704
20090825,24.820712467037044
20090826,40.713341391985594
20090827,34.467870354624907
20090828,18.056390479668945
20090831,7.3533358753812754
20090901,25.4648913840626
20090902,42.953380553469486
20090903,69.27898704313786
20090904,69.27898704313786
20090907,72.354507018485819
20090908,82.728774264640123
20090909,83.315738130967404
20090910,59.180638386641803
20090911,82.688153525447973
20090914,86.437269571578327
20090915,86.437269571578312
20090916,46.148559012078429
20090917,68.902091393463223
20090918,30.9627799859738
20090921,31.612025248136877
20090922,17.252847917631904
20090923,12.924454663178025
20090924,36.130875864386283
20090925,34.178947514996707
20090928,15.149879510648029
20090929,27.793663454926438
20090930,49.500606975924832
20091009,83.279409483454501
20091012,70.093032898695995
20091013,79.567654619942203
20091014,82.243160610727756
20091015,85.343409750229199
20091016,82.265595582902989
20091019,93.168108787302145
20091020,95.397909705851092
20091021,91.082605531878684
20091022,60.819751596506968
20091023,81.230005267183259
20091026,82.900222459815495
20091027,32.138662705230267
20091028,29.470018807647826
20091029,14.376996370372897
20091030,36.648734478158808
20091102,72.288727954225735
20091103,77.425718355750988
20091104,80.576309791864148
20091105,82.175533308298839
20091106,84.134883040099353
20091109,86.694449019918324
20091110,89.57711437771674
20091111,54.290673807654812
20091112,41.909000279793915
20091113,69.393517211842266
20091116,91.582381354825571
20091117,91.582381354825571
20091118,87.905695112082725
20091119,88.259206454565827
20091120,43.944592169320714
20091123,59.757626448391257
20091124,18.152189653551101
20091125,48.667984648322751
20091126,18.594719921840301
20091127,11.83075751795197
20091130,45.852226567251556
20091201,53.622612373467113
20091202,62.14212300867333
20091203,52.146363456699852
20091204,80.205475359496802
20091207,80.569093414448488
20091208,49.315370480601914
20091209,29.300973277804417
20091210,40.671267551528217
20091211,40.67126755152821
20091214,69.697232751601831
20091215,45.311977656067604
20091216,37.548963285446852
20091217,20.081838433628775
20091218,12.530607202594158
20091221,10.248768657008256
20091222,5.4686765179991106
20091223,14.220456121170667
20091224,61.188580384349379
20091225,44.875004233897151
20091228,66.323646543111465
20091229,74.598274861956455
20091230,87.480125095249633
20091231,89.505643619843696
20100104,53.566402335262417
20100105,67.070090517524164
20100106,46.698848842644928
20100107,27.279457258519095
20100108,27.279457258519095
20100111,39.69315701611022
20100112,65.438044038805543
20100113,20.314771227220536
20100114,33.871370670338784
20100115,38.17427774773077
20100118,34.271743734979047
20100119,51.330458993005259
20100120,18.171050243261014
20100121,34.97378886493334
20100122,35.960035289550987
20100125,23.965242319015161
20100126,11.712288197353208
20100127,6.5666839408834141
20100128,5.6209313121047444
20100129,5.0729641882219685
20100201,2.702148050871731
20100202,15.816368498653647
20100203,68.446387316851514
20100204,55.129908921062253
20100205,30.80471776423072
20100208,27.986060783093286
20100209,45.183069403725561
20100210,69.265546536549749
20100211,71.909974800520473
20100212,81.153132013719187
20100222,57.325778313433283
20100223,26.931685232610757
20100224,48.786734187043422
20100225,70.116634389494337
20100226,62.328805338707852
20100301,80.219115521209659
20100302,70.913537962916763
20100303,76.70428642910808
20100304,30.046156425919978
20100305,34.633989232844527
20100308,53.905798418691042
20100309,67.452872184192358
20100310,52.882189421966849
20100311,62.581610137572227
20100312,31.235495582522425
20100315,14.685314435213753
20100316,39.389028164675331
20100317,70.004943812526733
20100318,58.657584056708302
20100319,70.57969759918393
20100322,71.202532529873793
20100323,39.001420858183025
20100324,42.026606653198513
20100325,18.557609179188045
20100326,58.465376904359012
20100329,82.09146158909968
20100330,82.924030268727591
20100331,61.485540622873955
20100401,73.364222697783489
20100402,74.394310732163206
20100406,72.297339153270741
20100407,44.239842877568059
20100408,17.876691033843162
20100409,45.030572850489818
20100412,27.105699432423176
20100413,63.977608859850136
20100414,68.464036707502487
20100415,60.881515949745634
20100416,30.918778563311722
20100419,8.7562596096350962
20100420,8.1705931204980136
20100421,33.877250777228362
20100422,20.036013915622071
20100423,17.150673610721938
20100426,13.42277725431795
20100427,7.866022777466422
20100428,7.180082706503053
20100429,6.2294386521884135
20100430,51.571252279828769
20100504,31.495941312650043
20100505,37.761725248024227
20100506,10.236035239047814
20100507,8.1457311196409279
20100510,32.439617293675859
20100511,20.622162420308612
20100512,46.740277304590073
20100513,65.322485943793922
20100514,50.668299381247941
20100517,20.612084612192337
20100518,43.723411377087785
20100519,39.236055866276892
20100520,26.585714077085733
20100521,42.845350165387281
20100524,72.296627039492378
20100525,44.080942681156664
20100526,44.691852428779626
20100527,62.920757415602949
20100528,53.265193050748479
20100531,28.037117815846258
20100601,21.338550435867461
20100602,20.195757309261417
20100603,15.600548397038786
20100604,15.131072392010106
20100607,5.4813329706995342
20100608,4.5821781345692143
20100609,67.176064243892426
20100610,45.024220378775127
20100611,50.547661909912264
20100617,49.482337710836774
20100618,32.860828089527402
20100621,78.627716001948471
20100622,75.233867958941886
20100623,53.355335297058183
20100624,62.760025933688993
20100625,53.872875706672865
20100628,55.450004218157432
20100629,10.976670591664364
20100630,8.6151249037545252
20100701,7.0898076768610023
20100702,29.06749316615586
20100705,19.96120947710066
20100706,55.115121402285894
20100707,56.079636593499771
20100708,62.175599722790984
20100709,86.239805334812843
20100712,88.991307574758579
20100713,49.694857756169277
20100714,60.516552938812588
20100715,33.495555788832604
20100716,31.392983028763393
20100719,71.18535391369609
20100720,82.769222997651838
20100721,82.769222997651838
20100722,89.310188280028711
20100723,91.758592154001462
20100726,92.410460227137065
20100727,62.668998520101184
20100728,88.523728929163227
20100729,89.128755071105957
20100730,78.749606190965352
20100802,90.129257055645851
20100803,43.519551378791625
20100804,49.724059985767283
20100805,29.550975910391653
20100806,57.317074069303189
20100809,58.885258014830036
20100810,24.764996232843625
20100811,27.292749859351488
20100812,17.278623953918281
20100813,40.181296135308358
20100816,71.731799814778014
20100817,76.124611182645509
20100818,62.923988744753743
20100819,76.927401204768472
20100820,43.823554112233822
20100823,39.294267201504773
20100824,35.950262979067247
20100825,13.098627725404905
20100826,11.734212471137804
20100827,21.54136161275019
20100830,62.339532916968309
20100831,39.706822166201043
20100901,33.071492282201035
20100902,60.170339373623939
20100903,47.91694438031189
20100906,82.328890616511188
20100907,73.732004841615108
20100908,52.008735773291818
20100909,25.721694268280888
20100910,23.773185687577637
20100913,39.293819055608211
20100914,39.293819055608211
20100915,14.663008479586297
20100916,7.905535393756896
20100917,7.5572578451072987
20100920,22.85168309323965
20100921,25.915939670798881
20100927,62.071520626576039
20100928,34.914694500702048
20100929,47.154813723453046
20100930,83.03909479243174
20101008,93.867006167814111
20101011,96.807021444509957
20101012,97.424370117115416
20101013,98.152909290014804
20101014,98.643732546985717
20101015,99.389965616262103
20101018,87.969342846929891
20101019,92.133709161186232
20101020,91.034479869025759
20101021,54.185388441912131
20101022,45.467507654058352
20101025,76.966834988427678
20101026,55.682210189848604
20101027,33.468845572155139
20101028,34.288049936042974
20101029,21.303565825860403
20101101,59.214241978997876
20101102,51.021351008092189
20101103,46.96044254989922
20101104,68.212673718320772
20101105,79.020596691188359
20101108,82.068941997111921
20101109,43.215675044441312
20101110,24.956318642289137
20101111,51.288467335050235
20101112,15.867029912251443
20101115,14.7490376415169
20101116,6.0922645476633317
20101117,5.3523278789897919
20101118,22.454068252394965
20101119,25.10187329825656
20101122,18.248012934513234
20101123,10.348926598862626
20101124,45.643307209843911
20101125,62.043920160888689
20101126,46.583217674078902
20101129,42.27377729647889
20101130,24.957518730692122
20101201,26.463623682439362
20101202,49.340309262625198
20101203,59.435731982149363
20101206,79.424522513687364
20101207,84.326054163539126
20101208,46.534462986844886
20101209,29.740524272041817
20101210,55.891955492597944
20101213,81.110925601846091
20101214,73.128699878209886
20101215,57.394305719007335
20101216,38.998708103398535
20101217,35.414270354565751
20101220,16.305856827874969
20101221,62.198252433516451
20101222,42.378123845324929
20101223,40.381372976851594
20101224,36.125961332804444
20101227,17.149789807713304
20101228,11.134160033778832
20101229,11.134160033778834
20101230,8.1764727514695661
20101231,56.746919912525762
20110104,78.894522812472474
20110105,60.700480425684269
20110106,47.383060700732507
20110107,65.068695862320141
20110110,38.716522110955637
20110111,58.381010870465744
20110112,69.548205651944713
20110113,66.216840119236693
20110114,30.804229259121136
20110117,11.827796208229186
20110118,20.957678810666515
20110119,48.794075310875833
20110120,23.946295689310059
20110121,43.547148123676642
20110124,36.258331764703307
20110125,38.628829783094574
20110126,57.565888636569376
20110127,73.118490373378634
20110128,64.283273915787618
20110131,78.386310758647355
20110201,82.890257215730642
20110209,39.584350175627939
20110210,68.592644386184546
20110211,67.127598688685467
20110214,90.154341534280221
20110215,86.422546410517825
20110216,87.69582558142956
20110217,80.870288801764218
20110218,48.670964035298276
20110221,68.555551778940256
20110222,24.699734373315426
20110223,24.699734373315426
20110224,36.358279541280567
20110225,43.814599604903286
20110228,64.239526503606299
20110301,77.469976540863357
20110302,82.363705941664804
20110303,88.335732064086869
20110304,95.292149162076285
20110307,97.77745532892736
20110308,92.296039006136738
20110309,87.396576067555955
20110310,31.307070019417438
20110311,20.117501626123378
20110314,26.204182874999276
20110315,13.291551052034793
20110316,48.200835030910319
20110317,31.995169976589782
20110318,44.835378970578908
20110321,46.107334736421492
20110322,68.143339910602165
20110323,82.275559006970482
20110324,58.372389718333139
20110325,78.077047691554426
20110328,79.406337243357157
20110329,67.185109526361714
20110330,72.479602619238776
20110331,39.761572215194512
20110401,77.793949235396227
20110406,88.96933050394874
20110407,87.532863730208419
20110408,90.518134164416068
20110411,69.420069863359629
20110412,49.122984135240351
20110413,78.029653636371918
20110414,59.74996578391886
20110415,69.652366598332875
20110418,67.72971151847365
20110419,22.671350505476703
20110420,19.791193221388813
20110421,43.047322694364105
20110422,36.668259212166596
20110425,18.677639497380358
20110426,15.58886455427869
20110427,12.855499166083115
20110428,28.521810817703823
20110429,22.464116250730033
20110503,21.118519292674318
20110504,3.3044229421655058
20110505,2.9892344688177772
20110506,2.2251563921095685
20110509,2.0915040782632568
20110510,49.687611443885288
20110511,39.971877587701172
20110512,18.045027331993786
20110513,50.408271276089366
20110516,30.19187915723926
20110517,49.898736075150538
20110518,65.993114628978176
20110519,54.862294980746938
20110520,62.061174767849003
20110523,18.73509637759679
20110524,20.176297274419866
20110525,12.944808857551612
20110526,21.03152051997499
20110527,28.503171627387164
20110530,34.683164106069832
20110531,76.798371138140638
20110601,60.170980356655413
20110602,23.293122545002255
20110603,43.330670792523748
20110607,52.091085198288567
20110608,48.85437892188979
20110609,20.776301004571813
20110610,31.028084611563273
20110613,25.16623067371771
20110614,65.684478069144632
20110615,46.181034726049873
20110616,25.828369915243659
20110617,18.802736844849814
20110620,15.02910534395731
20110621,46.962391311425669
20110622,45.3640962453021
20110623,79.254356495584133
20110624,91.013094829248558
20110627,84.61815990914684
20110628,84.61815990914684
20110629,36.722270677542937
20110630,66.247629329673472
20110701,62.394411301412525
20110704,85.202470474610919
20110705,73.801108746391748
20110706,57.213163266026726
20110707,47.382448305087408
20110708,59.209826368841377
20110711,48.343230592013178
20110712,16.779139834985418
20110713,50.836260277568655
20110714,57.180869398609978
20110715,62.382222286154288
20110718,49.70328479786302
20110719,30.876629797326515
20110720,25.668101295485652
20110721,12.145732124967276
20110722,20.691811228929062
20110725,5.7833828700312662
20110726,12.888696434354088
20110727,21.741457742756822
20110728,12.895483808213577
20110729,38.086362465259306
20110801,40.246474085267408
20110802,21.298123898054801
20110803,19.664337706959639
20110804,24.034823249704704
20110805,5.6364619857182214
20110808,2.0925063593948212
20110809,13.193529908489296
20110810,30.837628805213313
20110811,57.703534494003094
20110812,50.624202109353092
20110815,78.128268820452035
20110816,60.785506758449579
20110817,52.110041980307322
20110818,25.935037987527732
20110819,19.31876663982942
20110822,13.474894410485142
20110823,53.333339624254151
20110824,40.952984785612905
20110825,78.651468790976793
20110826,74.625186086327957
20110829,43.633280266456531
20110830,40.245323796136461
20110831,50.601461614719256
20110901,47.837854134727202
20110902,26.901402322770529
20110905,13.20930043174679
20110906,10.74767374696698
20110907,55.237229012861654
20110908,43.140972719450147
20110909,41.991521050145693
20110913,25.003523808022553
20110914,32.25794149829845
20110915,24.099070926717829
20110916,37.622186296346705
20110919,12.249984403768114
20110920,28.566996795834303
20110921,75.805620227779386
20110922,36.569398072761288
20110923,30.345963410503568
20110926,15.723946542703313
20110927,36.441156089991168
20110928,28.636421209787787
20110929,27.100038172469553
20110930,24.473919843709233
20111010,15.128212282160943
20111011,22.919622642814332
20111012,80.870840149572558
20111013,82.376504322715633
20111014,82.783050316046626
20111017,88.401693955350382
20111018,31.368131726675148
20111019,32.622068107058496
20111020,16.197562064163094
20111021,23.95812432200124
20111024,68.536956865679656
20111025,78.014157488249552
20111026,81.932555699774383
20111027,84.369989259037425
20111028,92.447897185974725
20111031,66.124360290511561
20111101,70.150372020360265
20111102,84.698575752203539
20111103,68.946908472826081
20111104,78.10757108722278
20111107,44.953996469360334
20111108,48.861151785773387
20111109,64.135209581287228
20111110,25.722084081171936
20111111,24.098321800044133
20111114,63.388445047866014
20111115,51.603589431938978
20111116,21.552128239609463
20111117,19.203639309983959
20111118,11.778073009806629
20111121,11.778073009806629
20111122,11.778073009806628
20111123,6.2983719794833943
20111124,9.7956399146248678
20111125,5.4914684885727274
20111128,26.307371997710732
20111129,62.989805215602203
20111130,19.952235133111394
20111201,60.079130567497728
20111202,52.359400749376583
20111205,45.364579826989797
20111206,40.315365448301769
20111207,58.381288469768087
20111208,56.411089837317178
20111209,40.151239587401207
20111212,24.35568413419011
20111213,9.1153009473096969
20111214,7.301256209143113
20111215,3.1379772428268393
20111216,39.412946604140366
20111219,36.485012872600905
20111220,38.206471542440987
20111221,20.61036413134784
20111222,27.741546670485068
20111223,53.046932534118916
20111226,31.196496087764309
20111227,22.505641068632208
20111228,25.614054891364784
20111229,33.603804864709112
20111230,74.571961490932935
20120104,39.681523015712493
20120105,41.830175941225015
20120106,62.087728265475626
20120109,90.341529123420443
20120110,94.857921591636114
20120111,81.815519769453672
20120112,83.817960776794635
20120113,57.096623247738755
20120116,34.667452876777141
20120117,78.576254888290322
20120118,58.082323337384089
20120119,72.867391672424716
20120120,79.942136788338843
20120130,53.964675281909521
20120131,50.865503982525553
20120201,30.900928920195419
20120202,64.774459666148417
20120203,68.550116112771462
20120206,64.652130986928185
20120207,31.950026171982675
20120208,67.855636780764726
20120209,61.433854888461312
20120210,62.200421322946923
20120213,46.83890076343544
20120214,35.038739791680598
20120215,58.540065698125332
20120216,40.819236289187458
20120217,50.234622871524323
20120220,58.212467350905769
20120221,72.883609456220995
20120222,85.558893095143546
20120223,87.833699033468065
20120224,95.515657215690879
20120227,95.915816707835248
20120228,97.260392642218363
20120229,52.489001135111046
20120301,48.932448995163746
20120302,75.888874396304061
20120305,52.999318022881617
20120306,22.84862222807962
20120307,15.615113400431094
20120308,43.738514773774881
20120309,57.536689474581316
20120312,40.391574687803399
20120313,60.434499960933287
20120314,30.536957186941617
20120315,22.834747275493385
20120316,41.888979199320858
20120319,43.498791739240076
20120320,21.335083707343866
20120321,31.765267779784523
20120322,39.039720821997903
20120323,21.693924533419352
20120326,33.510707091135963
20120327,33.51070709113597
20120328,7.9304104795565156
20120329,4.8570152690077535
20120330,32.771943828500717
20120405,61.86376511281275
20120406,65.326331087346247
20120409,44.238893752746648
20120410,60.593706988571292
20120411,56.454183536397053
20120412,85.223718481327012
20120413,87.223001035298537
20120416,66.866607888693835
20120417,37.608942375083615
20120418,73.02192797662336
20120419,71.500056944456176
20120420,84.545104251187681
20120423,62.348625614663469
20120424,68.542722737974543
20120425,76.119391409279018
20120426,80.111313233008062
20120427,81.92425590699915
20120502,95.330912859960421
20120503,95.330912859960435
20120504,96.560783774397478
20120507,69.213706509588519
20120508,55.99772868152494
20120509,20.598754845035327
20120510,19.967627874920939
20120511,12.869856775427143
20120514,7.7227102769194467
20120515,6.8953912989492911
20120516,2.3547380024705618
20120517,44.778789323299684
20120518,28.307305291294995
20120521,39.066036292767876
20120522,65.372838975235254
20120523,52.726493945244513
20120524,40.867729342904767
20120525,26.541170922903063
20120528,60.388620850819116
20120529,76.577272498884071
20120530,59.689031927353234
20120531,47.823693061501928
20120601,53.929179841433886
20120604,18.129571374142895
20120605,18.129571374142895
20120606,29.782609230996371
20120607,23.708432324080604
20120608,12.700110428765887
20120611,50.911556955383851
20120612,36.889472639604129
20120613,68.069403548935
20120614,52.971043472125004
20120615,69.961280290406975
20120618,70.889241761532645
20120619,51.717315625673464
20120620,58.092588514589934
20120621,19.931662688090892
20120625,9.2480227620230551
20120626,20.524480155196763
20120627,17.300036039900814
20120628,12.421441743095411
20120629,54.636540168191203
20120702,49.733053771240129
20120703,58.944592122231633
20120704,61.084025781189176
20120705,29.166400112272111
20120706,63.707328557690637
20120709,22.694930016560118
20120710,21.697225492193333
20120711,34.629313546492817
20120712,52.339781887796832
20120713,59.631051801296266
20120716,25.708685977614753
20120717,42.711914221945264
20120718,35.166347204331785
20120719,57.624665721532921
20120720,34.392965930952265
20120723,14.641408802680001
20120724,19.428132883600785
20120725,16.630351152869448
20120726,15.009273902397425
20120727,43.780070718604911
20120730,35.955505377209974
20120731,58.30906372208959
20120801,76.647936651376725
20120802,53.23229050647609
20120803,66.156219450051466
20120806,84.336228416385211
20120807,84.336228416385211
20120808,89.681238510684864
20120809,94.431576166939536
20120810,66.768024272785667
20120813,20.416184168613093
20120814,17.997887665701604
20120815,9.31185208158014
20120816,8.4391026840631511
20120817,8.4391026840631511
20120820,4.4095716325537406
20120821,21.671390350930885
20120822,13.464998738868012
20120823,39.980702591418506
20120824,27.391098673345283
20120827,8.670100864735069
20120828,34.031730600575266
20120829,22.379380721065189
20120830,27.354121519824755
20120831,27.354121519824755
20120903,46.603889654111434
20120904,22.918908040445775
20120905,13.932067340449731
20120906,50.778457695056076
20120907,88.798741221049511
20120910,87.429817513996426
20120911,67.222033457294771
20120912,68.07348233669822
20120913,47.650209826284559
20120914,67.558618226090616
20120917,32.127047357718766
20120918,21.586589959060525
20120919,23.673401857125885
20120920,11.616538942685652
20120921,20.911831698069019
20120924,36.045541795520386
20120925,38.965324563837044
20120926,21.388674787717253
20120927,76.660683118545521
20120928,86.876504841491681
20121008,63.877401975616635
20121009,79.048716668346628
20121010,74.506289289330368
20121011,60.581381361494124
20121012,60.58138136149411
20121015,47.973012067493123
20121016,51.030512733776632
20121017,66.011277432788347
20121018,88.742006317333704
20121019,84.872001189920923
20121022,89.135982293705226
20121023,40.554957571618026
20121024,35.441760873821103
20121025,20.17767258412194
20121026,7.4108416924602318
20121029,5.4656038405666729
20121030,16.4331442206975
20121031,48.065640737428147
20121101,76.571329216691524
20121102,81.21190627419675
20121105,71.738900616306765
20121106,58.864602055136771
20121107,58.864602055136771
20121108,18.990493940836927
20121109,17.613799011543041
20121112,44.682514839668109
20121113,10.561173146612367
20121114,19.892668695502849
20121115,13.300921945983443
20121116,9.7353769005805866
20121119,9.2065260721223474
20121120,6.9434192301265458
20121121,52.712714279408047
20121122,44.836757891221204
20121123,61.910112697264388
20121126,52.213818422704875
20121127,34.158184249420046
20121128,20.905024964526781
20121129,15.867801443940982
20121130,43.227382609638205
20121203,25.873507421284152
20121204,58.035636030680863
20121205,87.72017038903715
20121206,87.72017038903715
20121207,93.982414244182934
20121210,95.647225674844407
20121211,83.427889667218409
20121212,88.28992624009804
20121213,53.730680569794956
20121214,87.455789147932293
20121217,88.979264757879719
20121218,89.822057400993771
20121219,87.807575330450277
20121220,90.393082353409426
20121221,59.590959748200156
20121224,72.544813717541217
20121225,90.343789763483215
20121226,91.43071548007137
20121227,66.941620570295754
20121228,82.277554022969198
20121231,91.112475412080556
20130104,92.850092477201756
20130107,94.056758425881853
20130108,57.110049715021162
20130109,50.625385136008695
20130110,52.251879326052929
20130111,20.24315879841792
20130114,73.247897202601052
20130115,75.704899992722716
20130116,52.830550179366419
20130117,37.968705009725959
20130118,62.772234399200023
20130121,68.974988807600667
20130122,69.731473516204062
20130123,76.58316316085299
20130124,61.039028821782424
20130125,40.492205655453979
20130128,85.937052810741349
20130129,90.403121674474733
20130130,91.353622352897219
20130131,92.47201083766042
20130201,97.467499083518021
20130204,97.727117450891825
20130205,97.910703272592656
20130206,98.500968814876231
20130207,53.314190332821262
20130208,41.292776242744004
20130218,23.759574883970132
20130219,12.666693668155657
20130220,11.451576141024775
20130221,3.4677334737544951
20130222,2.9640310128138139
20130225,14.436451191461352
20130226,9.1580690301839773
20130227,38.833625436511518
20130228,74.801863476602747
20130301,67.674366136370935
20130304,23.82739111216129
20130305,54.641966535333395
20130306,60.902591559104458
20130307,44.794617919119389
20130308,45.450421606716667
20130311,33.074111673905485
20130312,21.965841768597198
20130313,16.055092280676682
20130314,24.11547368503194
20130315,35.298252871879207
20130318,15.930487069418813
20130319,41.978106449212284
20130320,79.887207712601679
20130321,77.798296070658552
20130322,78.636234094653119
20130325,74.42292257064463
20130326,28.109813024216972
20130327,35.45704075015594
20130328,10.550064912535417
20130329,10.550064912535415
20130401,9.5680793994694007
20130402,16.558073080714443
20130403,22.545006782609519
20130408,11.452182248149771
20130409,47.822283850127526
20130410,49.647158235470123
20130411,47.172430521102982
20130412,25.883873099789344
20130415,13.904412954294628
20130416,38.357812246023741
20130417,25.929807278710072
20130418,41.677087235220647
20130419,87.91683121829918
20130422,82.982546164839661
20130423,30.920556350705684
20130424,51.471595695400005
20130425,42.36833113528354
20130426,34.033985696011484
20130502,34.033985696011477
20130503,69.223464522717393
20130506,78.609647531044871
20130507,80.688344239618175
20130508,83.664797007096155
20130509,50.787982304438252
20130510,66.365245133165303
20130513,46.356199545407975
20130514,22.22896852894452
20130515,24.679131626634554
20130516,70.571912443701009
20130517,82.322156731759961
20130520,87.801633206383059
20130521,71.240253726308183
20130522,74.452777469093604
20130523,31.252302456422747
20130524,40.645058996082042
20130527,35.759380403996815
20130528,79.098617020289069
20130529,64.835408937152835
20130530,55.782488171399116
20130531,36.612057535545389
20130603,44.272650166170557
20130604,24.38250864995268
20130605,16.400384359156302
20130606,9.5478869970662217
20130607,5.3290456641046129
20130613,2.3761372548739201
20130614,4.1466000396263754
20130617,2.9449239561563392
20130618,26.405280563595461
20130619,17.669113257759559
20130620,6.3407745280368797
20130621,6.0191807689564287
20130624,1.6433660744235092
20130625,6.4986154623376713
20130626,4.9570235684206301
20130627,13.727884789369895
20130628,57.672087233920479
20130701,53.15916317098084
20130702,45.656517545642977
20130703,32.075529054505907
20130704,50.866548479779397
20130705,61.513638613267688
20130708,28.239390660870978
20130709,25.397066302598837
20130710,71.55814531954924
20130711,90.995008201531888
20130712,59.355780187175675
20130715,64.97631950595256
20130716,64.97631950595256
20130717,46.135608684209487
20130718,27.071786621083525
20130719,15.992888495486509
20130722,18.622089814833011
20130723,59.500180180338383
20130724,44.059236663201808
20130725,43.218069747568919
20130726,34.361734294309528
20130729,14.953930439202621
20130730,38.32845286760071
20130731,41.181285923089071
20130801,74.243813880731309
20130802,71.00754526880317
20130805,81.364552793382913
20130806,82.469678110048989
20130807,62.889757302927542
20130808,54.562111021182837
20130809,71.527907455973576
20130812,93.905296909594412
20130813,94.653163640390417
20130814,79.939399185324888
20130815,51.03776271702629
20130816,51.037762717026304
20130819,67.92234824637724
20130820,44.766048240389992
20130821,33.774821793646694
20130822,26.740398534422944
20130823,13.37209772896275
20130826,68.31608503320912
20130827,64.974702445133701
20130828,53.253682760267672
20130829,41.912549892191691
20130830,52.111162323114449
20130902,60.009992604118281
20130903,84.906067668855158
20130904,86.195208898947357
20130905,65.285568722684218
20130906,84.971830922538857
20130909,97.113259107507105
20130910,97.889261618855983
20130911,98.008243040041506
20130912,98.781172120039855
20130913,69.229255629921198
20130916,53.851143606779161
20130917,27.587687659371269
20130918,30.142910004025996
20130923,44.761870907148278
20130924,20.41277300310724
20130925,15.694710809682061
20130926,9.2681732199977631
20130927,19.821000823661382
20130930,24.227472344306474
20131008,58.466443964425075
20131009,65.484752315948811
20131010,29.430034284750388
20131011,62.519196112462772
20131014,53.950939292571512
20131015,43.686991500366723
20131016,24.976934123806384
20131017,20.066166862328593
20131018,44.581879974649077
20131021,69.298932332608558
20131022,42.328810323552034
20131023,41.12832016917335
20131024,22.744311999897334
20131025,16.384304934787195
20131028,22.309229076866611
20131029,63.284640960550796
20131030,79.923772401640363
20131031,46.72023717979782
20131101,62.11644488973748
20131104,51.665608127979759
20131105,42.477120926282005
20131106,23.59441579146818
20131107,19.907131794447025
20131108,9.1649929813268507
20131111,14.689168745440401
20131112,57.418158132036531
20131113,23.587250947133175
20131114,25.162060984284729
20131115,14.976476727552205
20131118,72.305008224486841
20131119,57.557538078609518
20131120,60.125797029924243
20131121,44.110595338432852
20131122,39.214403155932054
20131125,30.172007466663342
20131126,27.052955435692116
20131127,60.072892831186017
20131128,76.219489052180634
20131129,68.435743018176396
20131202,83.978887784434647
20131203,84.578416446748562
20131204,92.73469804865546
20131205,74.906904218079063
20131206,40.162340253613195
20131209,32.601464083361556
20131210,38.399822805626457
20131211,13.374264269090782
20131212,10.002504785067877
20131213,9.2991850073647573
20131216,4.1044070325146285
20131217,3.208288399466793
20131218,16.827611459288192
20131219,8.6305363845343948
20131220,3.3944433591034731
20131223,3.3150530110446552
20131224,3.09770276422848
20131225,25.174332492454894
20131226,12.090476901263036
20131227,53.797217369777037
20131230,52.111546185393131
20131231,76.987946043595485
20140102,53.448395677692936
20140103,29.506185439413692
20140106,17.961885632894834
20140107,17.495181590904636
20140108,20.590143481474605
20140109,13.176110863485837
20140110,9.9512259747909493
20140113,7.2789245029699732
20140114,26.907246900766896
20140115,16.456262738799605
20140116,31.436068014699835
20140117,12.454406389465559
20140120,8.7324310137448649
20140121,39.329124992058645
20140122,80.915533054259498
20140123,59.101926433876727
20140124,59.101926433876727
20140127,30.945862383168265
20140128,45.721870785115556
20140129,56.25286867489563
20140130,30.830559650815264
20140207,27.536424187920804
20140210,71.57481130240825
20140211,84.083188780179384
20140212,76.05133646002966
20140213,79.689117867626351
20140214,82.131857769842981
20140217,85.596423337963785
20140218,28.194646451655032
20140219,60.682322181020297
20140220,45.812599728526479
20140221,29.852396232857437
20140224,13.929392724772452
20140225,8.6132258321079576
20140226,8.6132258321079576
20140227,32.298408583208918
20140228,49.977422331651248
20140303,44.722159557087132
20140304,47.483297096173047
20140305,22.356876687367762
20140306,52.511735475274982
20140307,43.972722701182761
20140310,11.939084588412593
20140311,16.106070415714811
20140312,26.535017456448283
20140313,61.981205217419969
20140314,43.215309728511002
20140317,60.949942872307439
20140318,45.102907986444094
20140319,35.795935535447811
20140320,22.836880050681977
20140321,79.230393881067158
20140324,83.504589746203962
20140325,66.210629125116455
20140326,62.670833722734855
20140327,64.109917783334467
20140328,74.451594750005341
20140331,51.983245556324519
20140401,63.715501085983782
20140402,84.835454700199236
20140403,53.109026505906456
20140404,69.960248109483388
20140408,89.36455903956643
20140409,82.130149799335712
20140410,91.817649576807227
20140411,81.608196523612136
20140414,65.276969761278295
20140415,32.628901645597615
20140416,32.628901645597608
20140417,26.634401690844644
20140418,25.464818545825153
20140421,9.3876488077012201
20140422,42.751249613301077
20140423,42.751249613301084
20140424,52.573839470901284
20140425,33.294102955638827
20140428,16.328383857295396
20140429,42.280379458362972
20140430,40.40074567848054
20140505,25.247917560458781
20140506,22.442173932959211
20140507,13.464499071089255
20140508,29.359938674719043
20140509,29.35993867471905
20140512,85.032807555220018
20140513,65.084866114053369
20140514,68.274516147513893
20140515,34.84778921271041
20140516,30.109484173039753
20140519,11.441261983911918
20140520,10.61832659650586
20140521,49.077039773370309
20140522,43.114224872167526
20140523,69.259133029770467
20140526,72.015252575304174
20140527,56.750967618728076
20140528,75.903770410887489
20140529,54.272633481974822
20140530,40.017386844093735
20140603,30.427031981410902
20140604,16.821345488089946
20140605,63.308077051784039
20140606,39.772542735718851
20140609,47.141574527559676
20140610,74.843459714442758
20140611,59.303626343880659
20140612,51.312994434039418
20140613,78.646423121280975
20140616,87.506324773644678
20140617,56.653987854406992
20140618,46.185798858199867
20140619,25.217699948140588
20140620,40.875617692197864
20140623,33.385955608774715
20140624,55.433838352525157
20140625,39.991435662708973
20140626,59.38657016803738
20140627,47.79970316324885
20140630,71.077371935119643
20140701,57.171334184644664
20140702,73.011783187877768
20140703,78.87241103753081
20140704,84.985713913761401
20140707,86.184937299265357
20140708,63.398095869213556
20140709,20.351488598858296
20140710,19.133539054107963
20140711,50.339320969831803
20140714,76.066992441400203
20140715,78.622739027715355
20140716,72.792723103335717
20140717,46.777796879173295
20140718,72.914023706859467
20140721,67.397768978533477
20140722,89.284972921703925
20140723,93.588962916671974
20140724,97.674920468368825
20140725,98.382021538929365
20140728,99.340695718408838
20140729,99.373452027548694
20140730,82.898766772086361
20140731,90.205676171318345
20140801,62.040587050343142
20140804,80.942112620738385
20140805,63.748116044312063
20140806,47.461811459341078
20140807,28.178640105015269
20140808,34.559671256628405
20140811,62.238232205246781
20140812,46.237435781405679
20140813,52.361158867805415
20140814,32.766860834362838
20140815,59.041903522480254
20140818,60.489488184771204
20140819,47.815018434228065
20140820,38.208056272895774
20140821,17.323862130950857
20140822,36.765724037788708
20140825,19.537132749484236
20140826,17.129099728874522
20140827,15.249531436132074
20140828,12.230039076852828
20140829,57.985317928225712
20140901,65.370502023340151
20140902,88.538694865717503
20140903,93.580480746172157
20140904,95.541679500051259
20140905,97.472269066433569
20140909,67.005884853844719
20140910,45.618016726200814
20140911,38.956570899553284
20140912,56.218419404490369
20140915,43.825463672467045
20140916,18.43134086509875
20140917,28.389813663528823
20140918,39.473974818545948
20140919,65.503890640945443
20140922,23.097021197095792
20140923,41.516368292639434
20140924,70.131793582492492
20140925,56.002842850564782
20140926,57.179224040621669
20140929,64.331847107443167
20140930,61.261956343593951
20141008,77.422674461845531
20141009,78.752290802484666
20141010,36.656464655414581
20141013,21.839502445237951
20141014,14.079125113056588
20141015,54.923411821351884
20141016,45.401662865076766
20141017,36.031745175072146
20141020,51.153141959947199
20141021,31.224249052063357
20141022,27.635398777498555
20141023,13.583777970049345
20141024,11.408475859449259
20141027,3.8006130344184408
20141028,51.907300867786397
20141029,71.030169390986359
20141030,78.141415959455131
20141031,90.449434876698589
20141103,75.30561435412605
20141104,66.904340291913329
20141105,57.313323552170395
20141106,50.763836306653054
20141107,61.704417541736291
20141110,90.881503520045797
20141111,94.015951388796708
20141112,95.859670920394251
20141113,93.583337210161574
20141114,90.364570908423531
20141117,20.756865979987694
20141118,14.370549770967623
20141119,12.323144011859021
20141120,18.153569949573026
20141121,65.847225018556017
20141124,81.148222549496424
20141125,85.020092708026752
20141126,91.957599898470306
20141127,94.906330497360543
20141128,97.399228965759761
20141201,97.574378706518957
20141202,99.123632992556026
20141203,99.196909715980894
20141204,99.716337874735814
20141205,99.745129609137663
20141208,99.874995111366161
20141209,51.423605055255493
20141210,64.182173771314027
20141211,48.593125969742296
20141212,48.593125969742303
20141215,49.560323365531154
20141216,78.70628410531036
20141217,87.25059199628069
20141218,76.237781081778081
20141219,81.937442439288347
20141222,87.489097092310089
20141223,53.089915453821291
20141224,25.279047840630476
20141225,56.376516701477563
20141226,75.30026789772424
20141229,76.299816996273464
20141230,81.573007931171247
20141231,88.531917326272463
20150105,93.09519059463976
20150106,74.132193230218476
20150107,71.230344434072563
20150108,35.1314741207594
20150109,39.099666400717439
20150112,28.601760154283838
20150113,22.850144414930686
20150114,34.673229185631307
20150115,80.498350067664958
20150116,83.827704512933622
20150119,17.839592325611097
20150120,23.728153903639811
20150121,59.814665647795927
20150122,58.642322595444817
20150123,65.062039292681987
20150126,62.167086470759557
20150127,40.177998111418304
20150128,27.409140773294261
20150129,17.61328833911066
20150130,12.393129573999769
20150202,6.4679881950095854
20150203,45.530615701684091
20150204,34.915668764383042
20150205,29.322422127543945
20150206,21.98518579230343
20150209,51.257274718176703
20150210,68.239098311100506
20150211,72.4124751581341
20150212,74.257507323870612
20150213,77.624528975844044
20150216,80.212641390303048
20150217,88.610803178251402
20150225,34.949385074312175
20150226,76.536737099997808
20150227,66.911854378591229
20150302,68.401959547861338
20150303,25.020607894805462
20150304,24.417267874834305
20150305,16.209147143105966
20150306,23.13068956873855
20150309,68.461631609448816
20150310,43.342574779485901
20150311,53.454478106384151
20150312,79.943421680037503
20150313,81.441987351448844
20150316,90.131825259794908
20150317,93.057559550569962
20150318,96.377349953630343
20150319,76.907565124251278
20150320,85.621583679761386
20150323,90.307673923071675
20150324,62.148440500228595
20150325,43.813166835031602
20150326,62.731302198423663
20150327,65.418304041746694
20150330,86.902021275265525
20150331,64.952584426571676
20150401,77.064938614419816
20150402,66.563053495545319
20150403,77.65542942028641
20150407,88.882501121380429
20150408,93.101921590865217
20150409,76.722735510072397
20150410,86.633083221193402
20150413,91.621229514525055
20150414,92.252060094656059
20150415,93.374434851800387
20150416,98.06633163831097
20150417,98.531854546838233
20150420,56.617938530562441
20150421,66.518283013498959
20150422,82.385833339680673
20150423,68.304581789017803
20150424,50.133098378250139
20150427,72.564036864675501
20150428,59.631431349549345
20150429,55.254686809338537
20150430,42.413525739980841
20150504,52.249643521660929
20150505,15.995777319494914
20150506,14.311918689575462
20150507,9.7921953641252646
20150508,19.790931861850293
20150511,58.103105457998694
20150512,66.4156262713865
20150513,38.956711351339081
20150514,33.828486105761385
20150515,15.357719654905983
20150518,8.8596304566557276
20150519,59.83849544461787
20150520,59.838495444617855
20150521,71.28311903477298
20150522,86.117847772085383
20150525,92.489183467844541
20150526,93.248905488348726
20150527,71.053486951677485
20150528,22.910086574130258
20150529,21.529233937996388
20150601,59.08718100358049
20150602,61.396734417643081
20150603,53.924872880227795
20150604,72.730514452591095
20150605,69.597464072716036
20150608,90.604099314281612
20150609,64.930594735506247
20150610,51.367546361030904
20150611,44.557281345055095
20150612,50.903698094418402
20150615,22.314820410738697
20150616,14.029390914010531
20150617,29.598085822618497
20150618,12.65915394312375
20150619,6.0734168733216132
20150623,36.268488983583161
20150624,46.826521534336933
20150625,29.529733279890753
20150626,12.816591474320207
20150629,11.707490530430308
20150630,54.804391898673998
20150701,37.243799336778331
20150702,31.779766191447216
20150703,20.837077639184852
20150706,56.06439249898898
20150707,63.281838491524056
20150708,32.37190283367169
20150709,61.145589171416169
20150710,71.917916056650881
20150713,62.091744767794999
20150714,42.049983983566847
20150715,39.560019680970306
20150716,37.26832092509526
20150717,60.994105094382725
20150720,49.422741219654185
20150721,44.990922332809532
20150722,30.746131019951761
20150723,63.029979763868347
20150724,39.366433924097024
20150727,10.133697159131252
20150728,9.7030997292749195
20150729,31.525161921835814
20150730,21.427369839161845
20150731,20.373214533155025
20150803,31.865717442396075
20150804,62.948667710985021
20150805,40.854022913287565
20150806,33.627625276356845
20150807,53.837109337395361
20150810,81.897704083697406
20150811,67.591007137190999
20150812,53.557167487045774
20150813,59.393996806888538
20150814,58.475365477680185
20150817,35.953801668364555
20150818,9.0958096167224465
20150819,20.121810641884959
20150820,11.792306402562446
20150821,6.4846337895961907
20150824,2.3481577773078572
20150825,1.3988494252269497
20150826,19.574515884457092
20150827,54.193727376320325
20150828,62.709069682742715
20150831,68.849387729570324
20150901,72.048660549022472
20150902,73.751290580559797
20150907,35.179074977607925
20150908,50.228168294728327
20150909,61.748869218026904
20150910,59.802274606299711
20150911,49.632214539028332
20150914,68.295710621288734
20150915,33.518971440878516
20150916,67.136804484439764
20150917,46.46163274321048
20150918,46.46163274321048
20150921,56.132934242748988
20150922,70.437267191021533
20150923,33.30042763951792
20150924,39.204954152554791
20150925,30.076414752596214
20150928,34.37404002126307
20150929,14.062645389662078
20150930,37.598406321435576
20151008,68.899911851671504
20151009,77.527022238764985
20151012,89.375186978632755
20151013,80.792549998685217
20151014,60.468823445190878
20151015,78.357297897800166
20151016,82.899350031775612
20151019,80.097727775525783
20151020,87.011322786393691
20151021,57.204182305558405
20151022,67.532123299153582
20151023,77.963666871344998
20151026,77.963666871344998
20151027,71.852810958519385
20151028,21.439483624135971
20151029,27.186789391533427
20151030,26.227420659171685
20151102,10.79688304955493
20151103,7.9415782516447999
20151104,81.988512565574268
20151105,88.912100944988069
20151106,92.742255756377872
20151109,94.487716388717132
20151110,84.345344748335947
20151111,67.539216273984181
20151112,42.271154660209476
20151113,29.577982958969045
20151116,35.191629465267027
20151117,36.705279048450137
20151118,25.841437594398087
20151119,66.608726222017651
20151120,51.243257283007203
20151123,40.68482063254212
20151124,33.734071001849713
20151125,53.566332349786862
20151126,40.758190247937875
20151127,5.3561329181859954
20151130,14.819545914583157
20151201,25.04027496714918
20151202,76.675668833684156
20151203,75.408725320404059
20151204,42.643827833605059
20151207,39.33583089761526
20151208,29.157584259898933
20151209,32.43554819894959
20151210,24.500027605705551
20151211,19.016689705133416
20151214,74.428065833949688
20151215,50.390183653689434
20151216,43.939679320689251
20151217,63.991150213911418
20151218,74.066570428810934
20151221,89.785653298290512
20151222,81.160712120161065
20151223,83.533418041142014
20151224,57.976868018354985
20151225,64.230309715262806
20151228,20.957888197738274
20151229,37.914862592935066
20151230,33.591069430622042
20151231,28.684345459539106
20160104,6.0013860060518844
20160105,12.04917785498826
20160106,35.987878429560716
20160107,12.654771377968297
20160108,32.382882151776762
20160111,18.417609944879491
20160112,21.652601434818362
20160113,18.220696148914055
20160114,33.928943236528511
20160115,17.625228578983744
20160118,17.625228578983744
20160119,60.079251105970542
20160120,39.986400636977478
20160121,24.722243878790234
20160122,41.477307062893772
20160125,40.354559732015616
20160126,12.720981162158704
20160127,12.600026267275277
20160128,7.8798287812231447
20160129,48.900281309816918
20160201,35.762378284869136
20160202,54.214124613249894
20160203,42.116495879982516
20160204,58.06641226311433
20160205,49.828247727139022
20160215,35.481527327878624
20160216,70.431517492121571
20160217,75.100504714778324
20160218,72.248422587888328
20160219,63.241932572664574
20160222,86.84912508147454
20160223,58.615554166366564
20160224,65.013286146706264
20160225,17.793135789025229
20160226,32.147259103156387
20160229,25.742129454357034
20160301,51.617588389720758
20160302,77.998914536636249
20160303,78.8845717277853
20160304,89.657423029735526
20160307,79.908460761586426
20160308,81.033378292418206
20160309,69.3797431360193
20160310,30.239850834020359
20160311,37.902973931595049
20160314,49.734960072830141
20160315,69.139510932342418
20160316,84.365612760962094
20160317,79.589729070859121
20160318,83.358082531814787
20160321,94.056765726300796
20160322,65.934267374719553
20160323,67.212941092955475
20160324,35.890928635110818
20160325,42.386543396130783
20160328,24.507785558189259
20160329,16.923333719964415
20160330,66.427415033819742
20160331,64.298822856651299
20160401,70.647629044150861
20160405,77.35831633187513
20160406,57.603806566721374
20160407,28.860799145989084
20160408,20.156898811355429
20160411,50.196554125277139
20160412,47.515041067814977
20160413,74.293439380497659
20160414,78.152039692011016
20160415,81.003454796668933
20160418,37.249722797125841
20160419,49.244065336068509
20160420,32.133730277008858
20160421,29.748412155688825
20160422,54.872403328739757
20160425,34.509045914770169
20160426,51.639905538402687
20160427,35.652676837932162
20160428,31.944081703319494
20160429,20.660996812648442
20160503,71.830911908871343
20160504,57.841517807301514
20160505,52.708872473387515
