20060428,nan
20060508,nan
20060509,nan
20060510,nan
20060511,nan
20060512,nan
20060515,nan
20060516,nan
20060517,nan
20060518,nan
20060519,nan
20060522,nan
20060523,nan
20060524,nan
20060525,nan
20060526,nan
20060529,nan
20060530,nan
20060531,nan
20060601,nan
20060602,nan
20060605,nan
20060606,nan
20060607,nan
20060608,nan
20060609,nan
20060612,nan
20060613,nan
20060614,nan
20060615,nan
20060616,nan
20060619,nan
20060620,nan
20060621,nan
20060622,nan
20060623,nan
20060626,nan
20060627,nan
20060628,nan
20060629,nan
20060630,nan
20060703,nan
20060704,nan
20060705,nan
20060706,nan
20060707,nan
20060710,nan
20060711,nan
20060712,nan
20060713,nan
20060714,nan
20060717,nan
20060718,nan
20060719,nan
20060720,nan
20060721,nan
20060724,nan
20060725,nan
20060726,nan
20060727,nan
20060728,nan
20060731,nan
20060801,nan
20060802,nan
20060803,nan
20060804,nan
20060807,nan
20060808,nan
20060809,nan
20060810,nan
20060811,nan
20060814,nan
20060815,nan
20060816,nan
20060817,nan
20060818,nan
20060821,nan
20060822,nan
20060823,nan
20060824,nan
20060825,nan
20060828,nan
20060829,nan
20060830,nan
20060831,nan
20060901,nan
20060904,nan
20060905,nan
20060906,nan
20060907,nan
20060908,nan
20060911,nan
20060912,nan
20060913,nan
20060914,nan
20060915,nan
20060918,nan
20060919,nan
20060920,nan
20060921,nan
20060922,nan
20060925,nan
20060926,nan
20060927,nan
20060928,nan
20060929,nan
20061009,nan
20061010,nan
20061011,nan
20061012,nan
20061013,nan
20061016,nan
20061017,nan
20061018,nan
20061019,nan
20061020,nan
20061023,nan
20061024,nan
20061025,nan
20061026,nan
20061027,nan
20061030,nan
20061031,nan
20061101,nan
20061102,nan
20061103,nan
20061106,nan
20061107,nan
20061108,nan
20061109,nan
20061110,nan
20061113,nan
20061114,nan
20061115,nan
20061116,nan
20061117,nan
20061120,nan
20061121,nan
20061122,nan
20061123,nan
20061124,nan
20061127,nan
20061128,nan
20061129,nan
20061130,nan
20061201,nan
20061204,nan
20061205,nan
20061206,nan
20061207,nan
20061208,nan
20061211,nan
20061212,nan
20061213,nan
20061214,nan
20061215,nan
20061218,nan
20061219,nan
20061220,nan
20061221,nan
20061222,nan
20061225,nan
20061226,nan
20061227,nan
20061228,nan
20061229,nan
20070104,nan
20070105,nan
20070108,nan
20070109,nan
20070110,nan
20070111,nan
20070112,nan
20070115,nan
20070116,nan
20070117,nan
20070118,nan
20070119,nan
20070122,nan
20070123,nan
20070124,nan
20070125,nan
20070126,nan
20070129,nan
20070130,nan
20070131,nan
20070201,nan
20070202,nan
20070205,nan
20070206,nan
20070207,nan
20070208,nan
20070209,nan
20070212,nan
20070213,nan
20070214,nan
20070215,nan
20070216,nan
20070226,nan
20070227,1603.4753250000006
20070228,1610.3345650000006
20070301,1616.7284800000007
20070302,1623.1563950000009
20070305,1629.5081200000009
20070306,1635.8992750000011
20070307,1642.3838750000009
20070308,1648.8336500000012
20070309,1655.5342250000012
20070312,1662.421880000001
20070313,1669.4181250000011
20070314,1676.1333250000012
20070315,1683.003805000001
20070316,1689.9273300000007
20070319,1697.1412500000006
20070320,1704.5702250000004
20070321,1712.0877500000006
20070322,1719.4558600000007
20070323,1726.8931450000007
20070326,1734.8267400000007
20070327,1742.7457050000005
20070328,1750.4783650000006
20070329,1757.5308100000007
20070330,1764.8088850000006
20070402,1772.9229900000005
20070403,1781.2549000000006
20070404,1789.9170000000004
20070405,1798.8198000000004
20070406,1807.9261550000003
20070409,1817.3882750000005
20070410,1826.9342300000003
20070411,1836.5709050000005
20070412,1846.5179900000005
20070413,1856.2366250000005
20070416,1866.4744500000004
20070417,1877.2091400000004
20070418,1888.3051450000005
20070419,1898.1983600000008
20070420,1908.9468850000007
20070423,1920.5492000000006
20070424,1932.2154600000008
20070425,1943.8107150000008
20070426,1955.5067200000005
20070427,1967.1915900000008
20070430,1979.2217550000007
20070508,1991.9815350000003
20070509,2004.7709000000002
20070510,2017.6611050000004
20070511,2030.3989050000005
20070514,2043.2577350000004
20070515,2055.9527300000004
20070516,2069.1910900000007
20070517,2082.8266900000003
20070518,2096.4696550000003
20070521,2110.9286650000008
20070522,2125.8056850000007
20070523,2141.2520350000004
20070524,2156.6275700000006
20070525,2172.2859950000002
20070528,2188.4751850000002
20070529,2205.2106000000003
20070530,2220.0314250000001
20070531,2234.2451100000003
20070601,2247.00281
20070604,2258.0869550000002
20070605,2269.3808800000002
20070606,2281.2916450000002
20070607,2294.3568450000002
20070608,2307.5462350000003
20070611,2321.232015
20070612,2335.3684750000002
20070613,2350.24107
20070614,2365.016705
20070615,2379.6825500000004
20070618,2394.8419100000001
20070619,2410.5084850000003
20070620,2425.5650800000003
20070621,2440.4726750000004
20070622,2454.0445200000004
20070625,2466.2863500000008
20070626,2478.8453750000008
20070627,2491.8514650000011
20070628,2503.3547500000009
20070629,2513.999980000001
20070702,2524.8806100000006
20070703,2536.0046400000006
20070704,2546.8574800000006
20070705,2556.3361600000003
20070706,2566.8422800000003
20070709,2577.915825
20070710,2588.5842350000003
20070711,2599.4811799999998
20070712,2610.4273950000002
20070713,2621.2679149999999
20070716,2631.5980199999995
20070717,2642.3109499999996
20070718,2653.0092199999995
20070719,2663.6709199999996
20070720,2675.0498249999991
20070723,2687.3873149999986
20070724,2699.742659999999
20070725,2712.7298649999989
20070726,2726.1128849999991
20070727,2739.9207199999992
20070730,2754.0739299999991
20070731,2768.4154899999994
20070801,2781.4671499999995
20070802,2795.2536
20070803,2809.3498049999998
20070806,2823.9142700000002
20070807,2838.4285250000003
20070808,2852.5263550000004
20070809,2866.9012300000009
20070810,2880.802740000001
20070813,2894.5086150000011
20070814,2908.702745000001
20070815,2922.8272100000013
20070816,2937.3354000000018
20070817,2951.4043850000016
20070820,2966.427735000002
20070821,2981.7706850000022
20070822,2997.5446750000019
20070823,3013.5777900000021
20070824,3029.5843600000021
20070827,3045.4644900000021
20070828,3061.3843150000016
20070829,3077.1432350000018
20070830,3093.6587400000017
20070831,3110.5186750000021
20070903,3127.9556000000025
20070904,3145.1689350000024
20070905,3162.7282250000026
20070906,3180.8274050000023
20070907,3198.2149800000025
20070910,3215.9874550000027
20070911,3232.2656400000023
20070912,3248.7357600000023
20070913,3265.7658000000019
20070914,3283.0608750000019
20070917,3300.7947950000021
20070918,3318.7294150000021
20070919,3336.2148250000023
20070920,3353.7749700000022
20070921,3371.0332900000021
20070924,3388.3219500000018
20070925,3405.2681700000021
20070926,3421.7847400000014
20070927,3438.3323350000014
20070928,3455.3732950000017
20071008,3472.5705800000019
20071009,3490.1155000000017
20071010,3507.8050850000018
20071011,3524.7262600000017
20071012,3541.0502600000018
20071015,3557.3290400000024
20071016,3573.7355050000024
20071017,3589.9348300000024
20071018,3605.4210150000026
20071019,3620.8681100000026
20071022,3635.5295600000031
20071023,3650.2862650000025
20071024,3664.6274600000029
20071025,3677.1608600000022
20071026,3689.6717050000025
20071029,3702.4230250000023
20071030,3715.8410400000021
20071031,3729.9612250000023
20071101,3743.4982900000027
20071102,3756.2940700000031
20071105,3768.8436100000026
20071106,3781.3593100000026
20071107,3793.5844300000026
20071108,3804.8515000000025
20071109,3816.2089150000024
20071112,3826.7690000000025
20071113,3837.0664650000026
20071114,3848.2081850000027
20071115,3858.8346900000029
20071116,3869.1226400000028
20071119,3879.3941100000025
20071120,3889.9435650000023
20071121,3900.0671950000024
20071122,3909.7625450000028
20071123,3919.8010950000025
20071126,3929.2574950000026
20071127,3938.5225600000031
20071128,3948.1983100000029
20071129,3958.297620000003
20071130,3968.2767600000025
20071203,3978.3668250000028
20071204,3988.3457050000034
20071205,3998.5212100000035
20071206,4008.5843250000034
20071207,4018.9585200000029
20071210,4029.672315000003
20071211,4040.4262100000028
20071212,4050.9698200000025
20071213,4060.4209900000028
20071214,4070.2115950000029
20071217,4079.5312350000036
20071218,4089.8424250000035
20071219,4100.1028700000033
20071220,4110.9122800000032
20071221,4121.8515600000028
20071224,4133.1551700000036
20071225,4144.6512000000039
20071226,4156.3124200000038
20071227,4167.9552900000035
20071228,4179.5030700000034
20080102,4191.6402550000039
20080103,4204.1567250000044
20080104,4216.8284500000036
20080107,4229.7632600000034
20080108,4242.2117150000031
20080109,4255.2367400000039
20080110,4268.0948000000035
20080111,4280.6837550000027
20080114,4293.6035350000029
20080115,4306.5489800000032
20080116,4318.6682800000035
20080117,4329.8253900000036
20080118,4341.391155000003
20080121,4352.4033900000031
20080122,4361.0822000000035
20080123,4370.6743400000032
20080124,4380.8666650000032
20080125,4390.9556100000027
20080128,4398.9924050000027
20080129,4407.281600000003
20080130,4415.3372200000031
20080131,4422.3466600000029
20080201,4428.0825700000032
20080204,4435.2474450000036
20080205,4442.6492600000029
20080213,4449.4268300000031
20080214,4456.1875400000026
20080215,4462.369050000003
20080218,4470.4058700000023
20080219,4478.0007200000027
20080220,4484.5366350000022
20080221,4491.1975600000033
20080222,4497.318320000003
20080225,4502.4002450000025
20080226,4507.5152500000031
20080227,4512.8834800000031
20080228,4517.3748750000032
20080229,4522.167330000002
20080303,4527.6655850000025
20080304,4533.0815350000021
20080305,4538.4835950000015
20080306,4544.6088100000015
20080307,4549.5976950000013
20080310,4553.2298950000022
20080311,4557.1336300000021
20080312,4559.7180000000026
20080313,4560.8623300000027
20080314,4561.2623800000028
20080317,4559.9168800000016
20080318,4556.5991900000026
20080319,4553.6731150000023
20080320,4551.1436150000027
20080321,4550.8915000000025
20080324,4551.1255000000028
20080325,4553.1599950000027
20080326,4556.826820000003
20080327,4559.1260400000028
20080328,4561.6486450000029
20080331,4562.1853050000036
20080401,4560.6923300000035
20080402,4557.672185000004
20080403,4554.5238150000041
20080407,4551.7730200000042
20080408,4549.7571550000039
20080409,4546.6510350000035
20080410,4543.4723900000035
20080411,4540.1390400000037
20080414,4536.194040000003
20080415,4532.9379350000036
20080416,4530.4902350000038
20080417,4528.7900850000033
20080418,4525.8379400000031
20080421,4522.2989050000042
20080422,4519.8409300000039
20080423,4518.9623700000038
20080424,4519.3537750000032
20080425,4519.6118950000036
20080428,4520.1471150000034
20080429,4522.0439450000031
20080430,4523.6029500000031
20080505,4525.2451750000027
20080506,4527.3391900000024
20080507,4528.3237650000028
20080508,4529.8938750000034
20080509,4531.5458500000032
20080512,4534.2312550000033
20080513,4536.5737300000028
20080514,4539.2944550000029
20080515,4541.749305000003
20080516,4543.1651350000038
20080519,4543.5914400000038
20080520,4542.696020000004
20080521,4541.7057500000046
20080522,4540.109110000004
20080523,4537.9085000000041
20080526,4534.7867950000045
20080527,4531.4865700000046
20080528,4529.9171850000039
20080529,4526.9792100000041
20080530,4523.7171300000045
20080602,4520.1361750000042
20080603,4516.6409500000045
20080604,4513.1842050000041
20080605,4509.2613400000037
20080606,4505.6669000000038
20080610,4500.5820450000037
20080611,4494.535630000003
20080612,4488.459380000003
20080613,4481.4901100000025
20080616,4474.4247850000029
20080617,4465.5283750000026
20080618,4457.1611950000024
20080619,4447.2499100000023
20080620,4437.4021150000026
20080623,4427.2771950000033
20080624,4417.6883450000032
20080625,4408.8738650000032
20080626,4400.3831800000034
20080627,4390.1281700000027
20080630,4379.7085700000025
20080701,4368.4897250000031
20080702,4357.643205000003
20080703,4347.2971650000018
20080704,4336.6750150000016
20080707,4327.4530850000019
20080708,4317.9699800000017
20080709,4310.5091550000016
20080710,4302.4177550000013
20080711,4293.7181150000015
20080714,4285.0264050000005
20080715,4275.3200500000012
20080716,4264.5814850000015
20080717,4254.027825000001
20080718,4243.7114250000004
20080721,4234.2647550000002
20080722,4224.7411800000009
20080723,4215.2893150000009
20080724,4206.6303850000004
20080725,4197.6276450000005
20080728,4188.2886250000001
20080729,4178.5956450000003
20080730,4168.5500149999998
20080731,4158.0905999999995
20080801,4148.3821699999999
20080804,4138.8760799999991
20080805,4128.911724999999
20080806,4118.7148599999991
20080807,4108.6859049999994
20080808,4098.1734149999993
20080811,4086.646604999999
20080812,4075.5722299999989
20080813,4064.4901199999995
20080814,4053.9254249999994
20080815,4045.0365249999991
20080818,4035.3382749999992
20080819,4025.5294249999988
20080820,4016.1914749999983
20080821,4005.5960649999988
20080822,3995.3531849999986
20080825,3985.5753299999988
20080826,3974.9909349999989
20080827,3964.2052149999986
20080828,3953.4600549999986
20080829,3943.9675949999987
20080901,3934.3916499999987
20080902,3925.1677349999991
20080903,3915.7815899999991
20080904,3905.7350549999992
20080905,3895.4252399999991
20080908,3884.538544999999
20080909,3873.2599499999988
20080910,3861.7656099999986
20080911,3850.3947349999985
20080912,3840.0214899999987
20080916,3829.0188949999988
20080917,3818.0396899999987
20080918,3806.9915499999984
20080919,3797.0354749999988
20080922,3787.023099999999
20080923,3776.619424999999
20080924,3766.2108549999989
20080925,3755.9311049999983
20080926,3745.2458849999985
20081006,3734.0607549999986
20081007,3722.4806099999987
20081008,3710.0395049999988
20081009,3697.213894999998
20081010,3683.6775099999982
20081013,3671.0290649999979
20081014,3657.6130149999976
20081015,3644.1167599999976
20081016,3630.3005249999969
20081017,3616.1044149999971
20081020,3601.9302699999971
20081021,3587.3859249999969
20081022,3572.2669349999965
20081023,3557.0238399999962
20081024,3541.1655399999959
20081027,3524.3720649999964
20081028,3507.8443249999964
20081029,3490.1093099999962
20081030,3471.9066949999965
20081031,3453.5016449999966
20081103,3434.4615899999972
20081104,3416.0263049999967
20081105,3397.0607399999967
20081106,3377.8320999999969
20081107,3358.7542199999966
20081110,3339.910094999997
20081111,3320.788894999997
20081112,3302.2454699999971
20081113,3284.813174999997
20081114,3267.5633599999974
20081117,3251.8725899999972
20081118,3237.6448849999974
20081119,3222.8062299999979
20081120,3207.145004999998
20081121,3191.2667549999983
20081124,3176.7759699999983
20081125,3161.710999999998
20081126,3146.6277399999981
20081127,3132.618254999998
20081128,3119.5408699999975
20081201,3105.0363099999977
20081202,3090.6279449999979
20081203,3076.759674999998
20081204,3062.396499999998
20081205,3048.4596999999981
20081208,3034.1966399999983
20081209,3019.2027349999976
20081210,3004.7342549999976
20081211,2989.6021649999975
20081212,2974.6161349999975
20081215,2960.6330099999973
20081216,2946.840159999997
20081217,2932.6350299999972
20081218,2918.5647549999971
20081219,2904.2516399999968
20081222,2889.0803549999969
20081223,2873.3900649999973
20081224,2857.3693949999974
20081225,2841.2677349999976
20081226,2825.6069399999978
20081229,2810.7889499999978
20081230,2795.5666199999978
20081231,2780.8586349999973
20090105,2767.5164549999977
20090106,2754.6643349999977
20090107,2743.6758749999981
20090108,2734.0057799999981
20090109,2723.6621799999975
20090112,2712.6126699999977
20090113,2700.9917499999974
20090114,2690.2191649999977
20090115,2679.2877649999973
20090116,2668.5056699999973
20090119,2658.8707799999975
20090120,2648.7377149999975
20090121,2639.6053549999979
20090122,2632.365824999998
20090123,2626.0536249999982
20090202,2619.6436599999979
20090203,2612.3800749999982
20090204,2604.9554999999978
20090205,2598.4027899999983
20090206,2591.8542099999981
20090209,2585.438534999998
20090210,2580.6685099999977
20090211,2575.342424999998
20090212,2570.7136599999981
20090213,2567.1791399999984
20090216,2564.7599899999982
20090217,2561.8803599999983
20090218,2558.7129849999988
20090219,2555.1015599999987
20090220,2550.3709799999988
20090223,2545.9482899999989
20090224,2541.0716799999991
20090225,2536.1294449999991
20090226,2529.4699349999992
20090227,2521.3538849999991
20090302,2513.6229749999993
20090303,2506.8709749999994
20090304,2500.2020149999994
20090305,2493.6286899999996
20090306,2486.5503099999992
20090309,2478.8359749999995
20090310,2471.0006299999995
20090311,2463.2812249999997
20090312,2455.907835
20090313,2448.4057349999998
20090316,2442.3513499999999
20090317,2436.30546
20090318,2430.6204299999999
20090319,2425.4579800000001
20090320,2420.7347550000004
20090323,2416.2364550000002
20090324,2411.3268300000004
20090325,2406.5090700000005
20090326,2401.9979700000004
20090327,2397.4466050000005
20090330,2393.0071900000003
20090331,2389.0574400000005
20090401,2385.5842000000002
20090402,2382.2632600000002
20090403,2380.3705550000004
20090407,2379.0785350000001
20090408,2377.4266500000003
20090409,2376.7762450000005
20090410,2376.9340350000002
20090413,2378.2294500000003
20090414,2378.9673750000002
20090415,2381.1724750000003
20090416,2383.147375
20090417,2385.1546250000001
20090420,2387.1501750000007
20090421,2388.3410800000001
20090422,2388.5377600000002
20090423,2389.8727799999997
20090424,2390.9880049999997
20090427,2391.7432549999999
20090428,2392.4868899999997
20090429,2392.9794849999998
20090430,2393.7051449999994
20090504,2394.18219
20090505,2394.5736649999999
20090506,2394.7658249999999
20090507,2395.2165099999997
20090508,2395.8407849999999
20090511,2395.5218899999995
20090512,2396.0509549999997
20090513,2397.4790799999996
20090514,2399.1200199999994
20090515,2400.3947199999993
20090518,2401.1754299999993
20090519,2402.0530099999996
20090520,2402.9719449999993
20090521,2403.2056449999995
20090522,2403.6174749999996
20090525,2403.8957499999992
20090526,2404.5199949999992
20090527,2405.2399049999995
20090601,2406.8155049999991
20090602,2408.2660549999996
20090603,2410.2161549999996
20090604,2412.6068949999999
20090605,2414.8648549999998
20090608,2416.9973199999999
20090609,2420.2720549999999
20090610,2424.7451449999999
20090611,2429.2930449999999
20090612,2433.47948
20090615,2437.8445699999997
20090616,2442.2227349999994
20090617,2447.7960649999995
20090618,2453.3173750000001
20090619,2457.8839649999995
20090622,2462.7541099999999
20090623,2467.8020549999997
20090624,2473.0889750000001
20090625,2479.0013749999998
20090626,2485.0543449999996
20090629,2491.2541649999998
20090630,2496.9796899999997
20090701,2503.3082249999993
20090702,2509.7419049999999
20090703,2516.4797949999997
20090706,2523.1695549999995
20090707,2530.3717849999994
20090708,2538.3395049999995
20090709,2546.5606499999994
20090710,2554.7964599999991
20090713,2563.3969449999991
20090714,2572.2730249999995
20090715,2581.5488799999994
20090716,2590.9147399999993
20090717,2600.6824399999996
20090720,2609.8454399999991
20090721,2618.0529199999992
20090722,2627.3147499999991
20090723,2636.5375699999991
20090724,2645.3870799999991
20090727,2654.5702949999991
20090728,2664.4146349999992
20090729,2673.006879999999
20090730,2682.044449999999
20090731,2691.8382949999996
20090803,2702.7526049999992
20090804,2713.7345999999989
20090805,2724.9996899999992
20090806,2736.0428399999992
20090807,2746.9856399999994
20090810,2758.0188749999998
20090811,2768.852519999999
20090812,2778.7898849999992
20090813,2788.9363849999995
20090814,2798.1519249999997
20090817,2806.2365349999995
20090818,2815.3366199999996
20090819,2823.3639749999988
20090820,2832.3510749999991
20090821,2841.740154999999
20090824,2851.6390649999994
20090825,2861.369709999999
20090826,2871.7778099999991
20090827,2882.1085299999995
20090828,2892.0825899999995
20090831,2900.6664699999992
20090901,2908.5114549999994
20090902,2916.5225849999993
20090903,2925.1386649999995
20090904,2933.6614949999994
20090907,2941.9603399999992
20090908,2950.1290099999987
20090909,2959.114634999999
20090910,2967.3014149999985
20090911,2975.7670899999985
20090914,2984.8447699999983
20090915,2994.509114999998
20090916,3004.2762249999982
20090917,3014.4456899999986
20090918,3023.8367599999979
20090921,3033.6511649999984
20090922,3042.5947849999984
20090923,3050.7867049999982
20090924,3058.430414999998
20090925,3065.9258549999981
20090928,3072.6058499999986
20090929,3078.5135599999985
20090930,3084.8437749999989
20091009,3091.7472799999987
20091012,3099.1006799999991
20091013,3107.2361249999994
20091014,3115.3342199999997
20091015,3123.3050199999998
20091016,3131.2079599999997
20091019,3139.3720799999996
20091020,3147.7262700000006
20091021,3155.9586300000005
20091022,3164.9647950000008
20091023,3174.4564500000006
20091026,3183.9972750000011
20091027,3193.1183700000011
20091028,3202.4266700000012
20091029,3211.4568650000015
20091030,3220.8981150000013
20091102,3230.5758150000015
20091103,3240.3824150000019
20091104,3250.2752150000015
20091105,3260.642620000001
20091106,3270.8294750000014
20091109,3281.0212100000008
20091110,3291.5267000000008
20091111,3301.7241250000011
20091112,3311.8850450000009
20091113,3322.2419150000014
20091116,3333.1027450000011
20091117,3343.9663100000012
20091118,3354.9120750000006
20091119,3366.0109300000013
20091120,3377.3619850000005
20091123,3388.7848350000008
20091124,3398.6748500000012
20091125,3409.115815000001
20091126,3418.8340350000012
20091127,3427.4420250000012
20091130,3436.5725250000014
20091201,3445.9329000000012
20091202,3455.5995700000003
20091203,3465.1696650000004
20091204,3473.6750250000005
20091207,3482.3090150000003
20091208,3491.4749350000002
20091209,3500.8011550000001
20091210,3510.0464950000005
20091211,3518.8355350000011
20091214,3527.0445450000011
20091215,3535.8908100000012
20091216,3544.5655150000011
20091217,3553.5337650000015
20091218,3562.4664200000011
20091221,3571.3543250000012
20091222,3579.5393050000011
20091223,3587.333145000001
20091224,3595.7017500000011
20091225,3604.3153700000007
20091228,3613.8713450000005
20091229,3623.1822800000004
20091230,3632.4757600000007
20091231,3641.9158750000006
20100104,3651.6203650000011
20100105,3661.3924500000012
20100106,3670.6458750000006
20100107,3679.268915000001
20100108,3687.8554000000008
20100111,3696.6496150000007
20100112,3705.628380000001
20100113,3714.256835000001
20100114,3723.8990150000009
20100115,3733.3702000000012
20100118,3743.1261100000015
20100119,3752.8601200000012
20100120,3761.5448500000011
20100121,3770.0667000000012
20100122,3777.9274250000012
20100125,3785.6619600000013
20100126,3792.2912800000013
20100127,3799.2910050000019
20100128,3806.3977900000023
20100129,3813.2241550000017
20100201,3819.6291250000022
20100202,3825.6408200000023
20100203,3831.7371100000023
20100204,3837.9830150000025
20100205,3843.9423850000021
20100208,3849.4674350000023
20100209,3855.0015100000019
20100210,3861.6195700000017
20100211,3868.1036100000015
20100212,3875.0009000000014
20100222,3882.518065000002
20100223,3890.0140800000017
20100224,3897.5952850000012
20100225,3905.3140250000015
20100226,3912.5361100000014
20100301,3919.8643650000013
20100302,3926.9929350000007
20100303,3934.5719750000007
20100304,3941.2166500000008
20100305,3948.5667150000013
20100308,3955.7789350000012
20100309,3962.9088100000017
20100310,3969.6709950000013
20100311,3976.1316650000012
20100312,3982.1177150000017
20100315,3987.7638600000018
20100316,3993.6888150000013
20100317,4000.5317050000012
20100318,4007.4138000000012
20100319,4014.3758100000014
20100322,4021.4525550000008
20100323,4028.361945000001
20100324,4035.1155850000005
20100325,4041.4497200000001
20100326,4047.9834350000001
20100329,4054.7221250000002
20100330,4061.6653499999998
20100331,4068.6949449999997
20100401,4075.9964600000003
20100402,4083.1962950000002
20100406,4090.5458300000005
20100407,4098.3160900000003
20100408,4105.8571300000003
20100409,4113.8062600000003
20100412,4121.6683499999999
20100413,4129.1113100000002
20100414,4136.8285749999995
20100415,4144.3766599999999
20100416,4151.9094500000001
20100419,4158.1964100000005
20100420,4164.8087150000001
20100421,4172.0362999999998
20100422,4179.164385
20100423,4186.2238900000002
20100426,4193.0378850000006
20100427,4199.0316849999999
20100428,4204.6795550000006
20100429,4209.5233550000003
20100430,4213.7708250000005
20100504,4217.7743150000006
20100505,4222.0894000000008
20100506,4225.588455000001
20100507,4228.5705250000001
20100510,4230.8466850000004
20100511,4232.3252849999999
20100512,4233.3918299999996
20100513,4234.9167249999991
20100514,4236.2437999999993
20100517,4236.7011199999997
20100518,4237.0890749999999
20100519,4237.3103949999995
20100520,4237.2768449999994
20100521,4237.3255499999996
20100524,4238.0283849999996
20100525,4239.8719149999997
20100526,4241.5796049999999
20100527,4243.0298699999994
20100528,4244.1051500000003
20100531,4244.28024
20100601,4244.0624950000001
20100602,4244.4034700000002
20100603,4245.20777
20100604,4245.9877100000003
20100607,4246.5840850000004
20100608,4248.2799850000001
20100609,4250.4486900000011
20100610,4253.5180300000011
20100611,4257.7174900000009
20100617,4261.3198300000004
20100618,4264.9436300000007
20100621,4268.5069600000006
20100622,4271.7653600000003
20100623,4274.5291800000005
20100624,4277.576035
20100625,4279.7426249999999
20100628,4281.4019699999999
20100629,4282.4298299999991
20100630,4284.3621649999995
20100701,4286.1687599999996
20100702,4287.7712700000002
20100705,4288.4534699999995
20100706,4289.3348249999999
20100707,4290.2918650000001
20100708,4290.8195450000003
20100709,4291.7905149999997
20100712,4293.1297000000004
20100713,4293.864375000001
20100714,4294.3017250000003
20100715,4294.1026350000002
20100716,4293.9844750000011
20100719,4293.8527050000002
20100720,4294.9108350000006
20100721,4295.6863150000008
20100722,4297.2346400000006
20100723,4299.3334450000002
20100726,4301.8455700000004
20100727,4304.5058349999999
20100728,4308.1441649999997
20100729,4312.253995
20100730,4316.2065299999995
20100802,4319.6637849999997
20100803,4322.6426749999991
20100804,4325.5873399999991
20100805,4328.4638749999986
20100806,4331.7219149999992
20100809,4335.2052699999986
20100810,4337.3966649999984
20100811,4339.5570249999982
20100812,4341.5652499999978
20100813,4343.9016699999975
20100816,4346.476069999997
20100817,4349.2065999999968
20100818,4352.4523549999967
20100819,4355.5277199999964
20100820,4358.4732149999963
20100823,4361.3583899999967
20100824,4363.8619599999965
20100825,4365.4374199999966
20100826,4367.016429999996
20100827,4368.5447449999965
20100830,4370.5841749999972
20100831,4372.6496799999968
20100901,4374.3869749999976
20100902,4376.5162049999972
20100903,4378.7647799999968
20100906,4380.6895549999972
20100907,4382.2643999999973
20100908,4383.9285149999969
20100909,4385.184664999997
20100910,4386.3305249999967
20100913,4387.7375249999968
20100914,4388.8079099999968
20100915,4390.7203399999971
20100916,4391.2145199999968
20100917,4392.5899249999966
20100920,4394.2788349999964
20100921,4394.9858149999964
20100927,4395.7273849999965
20100928,4396.0421899999965
20100929,4395.8840699999973
20100930,4396.6566849999972
20101008,4397.5903099999969
20101011,4398.6772649999966
20101012,4400.2166499999967
20101013,4401.7175499999967
20101014,4402.441474999996
20101015,4403.3307549999954
20101018,4403.8964849999957
20101019,4405.2593249999954
20101020,4407.4056649999957
20101021,4410.5572649999958
20101022,4413.6649549999966
20101025,4417.9733449999958
20101026,4422.1532199999965
20101027,4425.400609999996
20101028,4428.5175949999966
20101029,4431.5590299999967
20101101,4435.2386349999961
20101102,4438.8736299999964
20101103,4441.9400499999956
20101104,4445.5288949999958
20101105,4449.3003699999963
20101108,4453.7044299999961
20101109,4458.7478499999961
20101110,4463.5992999999962
20101111,4468.085049999996
20101112,4470.4428349999962
20101115,4473.7640499999961
20101116,4475.5358749999959
20101117,4476.0768849999959
20101118,4476.5935799999952
20101119,4477.8486499999963
20101122,4480.3466049999961
20101123,4482.3267449999958
20101124,4485.6680899999956
20101125,4489.5613399999957
20101126,4494.2276649999958
20101129,4499.1358349999955
20101130,4503.0083049999948
20101201,4506.7192449999957
20101202,4510.7548499999948
20101203,4514.7478399999954
20101206,4518.0150849999955
20101207,4521.3957949999949
20101208,4525.1891799999958
20101209,4528.4592149999953
20101210,4532.0955849999955
20101213,4536.1594399999958
20101214,4540.597044999995
20101215,4544.6693499999956
20101216,4548.655869999995
20101217,4552.5017799999951
20101220,4555.5380199999954
20101221,4558.5021549999956
20101222,4561.2014949999957
20101223,4563.1177799999969
20101224,4564.6240349999971
20101227,4565.0800149999968
20101228,4565.7998849999967
20101229,4566.8396149999962
20101230,4567.7091449999962
20101231,4569.0920949999963
20110104,4571.1546149999958
20110105,4573.4840849999964
20110106,4576.0261949999958
20110107,4578.6281149999959
20110110,4580.3235999999961
20110111,4581.2674449999968
20110112,4582.2805799999969
20110113,4583.0948499999968
20110114,4583.2609899999961
20110117,4582.5674249999956
20110118,4581.8369199999961
20110119,4581.9636099999971
20110120,4580.9157499999974
20110121,4579.8293049999975
20110124,4578.0996649999979
20110125,4576.0284249999977
20110126,4574.0168149999972
20110127,4572.3149799999965
20110128,4570.7914899999969
20110131,4569.5275949999968
20110201,4568.3558849999963
20110209,4566.7085899999965
20110210,4565.4965549999961
20110211,4564.8312199999964
20110214,4564.3061549999957
20110215,4564.0808549999965
20110216,4564.3508399999964
20110217,4565.8440599999958
20110218,4566.8015499999965
20110221,4567.546494999996
20110222,4567.5831949999956
20110223,4568.1576599999962
20110224,4568.9635499999968
20110225,4570.4311899999966
20110228,4572.3350699999964
20110301,4575.1402749999961
20110302,4578.4905699999963
20110303,4581.365149999996
20110304,4583.8792199999962
20110307,4587.4715549999964
20110308,4591.5464399999964
20110309,4596.1077399999958
20110310,4601.1030449999962
20110311,4606.5891949999968
20110314,4611.7501699999966
20110315,4616.4826249999969
20110316,4622.9006549999976
20110317,4628.5605549999973
20110318,4634.3083399999978
20110321,4640.2325949999977
20110322,4645.7497299999977
20110323,4650.7090299999982
20110324,4655.8886199999979
20110325,4661.2270349999981
20110328,4666.1316099999976
20110329,4670.5107649999982
20110330,4675.3116699999982
20110331,4680.1847349999989
20110401,4685.0920349999978
20110406,4690.1113099999984
20110407,4695.114889999998
20110408,4700.496044999998
20110411,4705.4851449999978
20110412,4709.9980349999978
20110413,4714.7062399999986
20110414,4719.4706099999985
20110415,4724.5564699999986
20110418,4730.589509999998
20110419,4735.7351449999978
20110420,4740.8985099999982
20110421,4746.3662249999988
20110422,4751.7153649999991
20110425,4756.8470399999987
20110426,4761.8929899999994
20110427,4767.7755649999999
20110428,4773.2303249999995
20110429,4779.3816899999993
20110503,4786.0566599999993
20110504,4792.3111549999994
20110505,4798.1205449999989
20110506,4803.7770799999989
20110509,4809.7349699999995
20110510,4815.2903199999992
20110511,4820.6901599999992
20110512,4826.0653799999991
20110513,4831.4579699999995
20110516,4837.2845249999991
20110517,4842.8671349999995
20110518,4848.1865149999994
20110519,4852.8291849999996
20110520,4857.3479749999997
20110523,4860.6562899999999
20110524,4863.939335
20110525,4866.6776050000008
20110526,4869.1979950000004
20110527,4870.5308600000008
20110530,4871.2858999999999
20110531,4872.5516299999999
20110601,4873.6666150000001
20110602,4874.8484049999997
20110603,4876.1393150000004
20110607,4877.5360550000005
20110608,4878.5708549999999
20110609,4878.7866649999996
20110610,4879.8996100000004
20110613,4880.7540250000002
20110614,4882.2507600000008
20110615,4883.1339700000008
20110616,4883.0281100000011
20110617,4882.4261500000011
20110620,4881.5342800000017
20110621,4880.9189500000011
20110622,4880.6920250000012
20110623,4880.6831250000014
20110624,4880.9465400000017
20110627,4881.9459650000017
20110628,4882.8219300000019
20110629,4883.2224350000015
20110630,4883.3539800000017
20110701,4883.431265000002
20110704,4884.3770750000012
20110705,4884.9972200000011
20110706,4885.4870050000018
20110707,4886.0344500000019
20110708,4886.4178100000017
20110711,4886.8130350000019
20110712,4887.1785800000016
20110713,4887.7791250000018
20110714,4888.1614850000014
20110715,4888.6146200000021
20110718,4889.4402050000017
20110719,4890.6041500000019
20110720,4891.8319900000024
20110721,4892.988330000002
20110722,4894.2594000000017
20110725,4893.9600400000018
20110726,4893.8551750000015
20110727,4894.4554850000013
20110728,4894.556950000002
20110729,4893.8587150000021
20110801,4893.1352500000021
20110802,4892.1590200000028
20110803,4891.1012000000019
20110804,4890.9505850000023
20110805,4890.2884250000034
20110808,4888.7590850000033
20110809,4886.4515850000034
20110810,4884.3741050000026
20110811,4882.4770750000025
20110812,4880.6168700000026
20110815,4878.4829650000029
20110816,4875.9188300000023
20110817,4873.5123850000027
20110818,4870.694940000003
20110819,4867.3925750000026
20110822,4863.2147450000029
20110823,4859.5240250000033
20110824,4856.1712200000029
20110825,4852.6305950000033
20110826,4848.7238600000028
20110829,4844.0191950000035
20110830,4838.9386300000033
20110831,4833.6676100000032
20110901,4828.4424600000029
20110902,4824.6114000000025
20110905,4819.5254100000029
20110906,4815.2076250000027
20110907,4812.4601800000037
20110908,4809.0989500000032
20110909,4804.8625400000037
20110913,4799.9306550000028
20110914,4795.6751150000027
20110915,4790.721870000003
20110916,4785.4969000000028
20110919,4780.0180850000024
20110920,4774.5336050000033
20110921,4770.3547000000035
20110922,4765.5295150000029
20110923,4760.4257550000029
20110926,4755.1810500000029
20110927,4750.4395650000033
20110928,4745.0155600000035
20110929,4739.021010000004
20110930,4733.4806450000042
20111010,4727.4477050000041
20111011,4720.6422350000039
20111012,4714.1753200000048
20111013,4708.0311850000044
20111014,4701.8728950000041
20111017,4695.7168150000043
20111018,4689.2842900000041
20111019,4682.4411750000036
20111020,4675.2708250000042
20111021,4668.2816850000036
20111024,4662.0077900000042
20111025,4656.9745300000041
20111026,4652.7439950000044
20111027,4648.1262950000037
20111028,4643.8778500000044
20111031,4639.1910800000041
20111101,4634.1327450000044
20111102,4629.3528200000037
20111103,4624.8344950000037
20111104,4620.6144250000043
20111107,4617.0354500000039
20111108,4613.2991150000043
20111109,4609.7612300000046
20111110,4605.9493000000048
20111111,4602.6428900000046
20111114,4600.8411600000054
20111115,4599.1196650000047
20111116,4596.330845000005
20111117,4594.3417300000037
20111118,4591.6264100000044
20111121,4589.467115000004
20111122,4587.5472200000049
20111123,4585.1362350000045
20111124,4582.2985600000047
20111125,4579.1143100000054
20111128,4575.6365000000051
20111129,4572.3866900000048
20111130,4568.4378150000057
20111201,4564.2530450000058
20111202,4559.4042200000058
20111205,4553.5028800000055
20111206,4547.6134650000049
20111207,4541.3606450000052
20111208,4534.9236900000051
20111209,4528.5357450000047
20111212,4521.4013450000057
20111213,4514.3046200000063
20111214,4506.5267050000057
20111215,4498.0359250000056
20111216,4490.0080100000059
20111219,4481.7061950000052
20111220,4473.2162300000055
20111221,4464.3845350000056
20111222,4455.8329200000053
20111223,4447.131785000005
20111226,4437.9809050000049
20111227,4428.2729700000054
20111228,4418.4031250000053
20111229,4408.7219650000052
20111230,4399.3571100000054
20120104,4389.3680950000053
20120105,4379.0832750000054
20120106,4368.5242150000049
20120109,4359.0680650000049
20120110,4350.1603500000047
20120111,4341.4635200000048
20120112,4332.763520000005
20120113,4323.1553400000048
20120116,4312.9618100000043
20120117,4303.424485000005
20120118,4293.615985000004
20120119,4284.4140450000041
20120120,4275.6693350000041
20120130,4267.1293700000042
20120131,4258.2764600000037
20120201,4249.3184300000039
20120202,4240.5104400000037
20120203,4231.6816950000039
20120206,4223.2080350000042
20120207,4214.4199300000046
20120208,4205.8214950000038
20120209,4197.4163800000042
20120210,4189.0454500000042
20120213,4180.7503550000047
20120214,4172.7927600000048
20120215,4164.9215300000042
20120216,4156.8669850000042
20120217,4148.8679000000047
20120220,4141.4663500000042
20120221,4134.7050000000045
20120222,4128.5825350000041
20120223,4123.309895000004
20120224,4117.909690000004
20120227,4112.1284700000042
20120228,4106.7824650000039
20120229,4101.1271250000036
20120301,4095.4556450000032
20120302,4089.9781250000028
20120305,4084.3766400000027
20120306,4078.5321250000025
20120307,4072.8766850000025
20120308,4067.3230000000026
20120309,4062.0600100000029
20120312,4057.0458400000025
20120313,4052.0652150000028
20120314,4046.3373400000028
20120315,4040.4664850000026
20120316,4036.001935000002
20120319,4031.7900350000023
20120320,4027.4277150000021
20120321,4023.363240000002
20120322,4019.9307100000024
20120323,4016.5561150000021
20120326,4012.6661300000023
20120327,4008.4760500000029
20120328,4003.776090000003
20120329,3998.373620000003
20120330,3992.7213850000035
20120405,3987.5642700000039
20120406,3983.0507550000038
20120409,3978.2700800000039
20120410,3973.6963350000033
20120411,3968.8240200000037
20120412,3964.5275850000035
20120413,3960.8920100000037
20120416,3957.6325800000036
20120417,3954.3965950000038
20120418,3951.2745850000038
20120419,3948.1920150000033
20120420,3944.8591500000034
20120423,3940.7711200000031
20120424,3936.2621500000032
20120425,3931.9843200000032
20120426,3927.9267350000032
20120427,3923.3532650000034
20120502,3918.9208300000028
20120503,3913.9929550000029
20120504,3909.0358550000028
20120507,3904.1540500000028
20120508,3899.2641500000022
20120509,3894.0684300000021
20120510,3888.7269850000025
20120511,3883.6483200000021
20120514,3878.071710000002
20120515,3872.270300000002
20120516,3866.0916450000022
20120517,3860.1862750000023
20120518,3854.2470400000025
20120521,3848.2694850000025
20120522,3842.9028200000025
20120523,3837.4427250000026
20120524,3832.7645400000024
20120525,3827.7752600000026
20120528,3822.6606400000023
20120529,3817.9845400000022
20120530,3813.6040350000026
20120531,3809.149690000002
20120601,3804.8179600000021
20120604,3799.801135000002
20120605,3794.6420800000014
20120606,3789.8478050000012
20120607,3786.0996350000014
20120608,3782.3348900000019
20120611,3778.592970000002
20120612,3774.3629550000019
20120613,3770.2079000000017
20120614,3765.6128300000009
20120615,3761.1911950000008
20120618,3757.0474050000007
20120619,3753.1566900000007
20120620,3749.3620450000003
20120621,3745.4964350000005
20120625,3740.7874050000009
20120626,3736.0973750000003
20120627,3730.8785350000007
20120628,3725.3655150000013
20120629,3720.2695500000009
20120702,3715.5584350000008
20120703,3710.9846350000012
20120704,3706.4980300000011
20120705,3701.8641550000016
20120706,3698.1065400000016
20120709,3694.0760250000017
20120710,3689.3725450000015
20120711,3685.0922900000019
20120712,3681.1750600000018
20120713,3677.5290400000022
20120716,3673.0238400000026
20120717,3668.6177700000026
20120718,3664.3079300000022
20120719,3660.6117850000023
20120720,3656.7020950000019
20120723,3652.0159050000016
20120724,3648.0623550000014
20120725,3644.134105000001
20120726,3640.388660000001
20120727,3636.4654650000007
20120730,3632.5538150000007
20120731,3628.9944750000009
20120801,3625.791255000001
20120802,3622.6076850000009
20120803,3619.8173300000008
20120806,3616.7503900000006
20120807,3613.5823850000002
20120808,3610.4388450000006
20120809,3607.4785299999999
20120810,3605.0726550000004
20120813,3602.3923100000002
20120814,3600.4378899999997
20120815,3598.6336100000003
20120816,3596.3839250000001
20120817,3593.6029250000006
20120820,3590.6281700000004
20120821,3587.8619750000007
20120822,3584.4985300000008
20120823,3581.1416700000009
20120824,3577.4712600000003
20120827,3573.0290100000007
20120828,3568.5458850000009
20120829,3563.7879350000007
20120830,3558.8615750000008
20120831,3554.2713000000008
20120903,3549.6428150000006
20120904,3545.14509
20120905,3540.7433700000006
20120906,3536.0352150000003
20120907,3531.7451900000001
20120910,3528.1216000000004
20120911,3524.4743600000006
20120912,3521.5386800000001
20120913,3518.351995
20120914,3515.2525349999992
20120917,3511.7275799999998
20120918,3508.1725099999994
20120919,3504.8950599999994
20120920,3501.1273849999998
20120921,3496.9428449999996
20120924,3493.6789399999993
20120925,3489.9158849999994
20120926,3486.1906249999993
20120927,3483.4348999999997
20120928,3480.9746399999999
20121008,3478.3809499999998
20121009,3476.2085899999993
20121010,3474.3739899999991
20121011,3472.5337799999993
20121012,3471.283774999999
20121015,3470.2823499999986
20121016,3469.8006199999991
20121017,3468.8684399999993
20121018,3468.1683899999994
20121019,3467.4733749999991
20121022,3467.2538099999992
20121023,3467.0555249999993
20121024,3466.7081599999992
20121025,3466.298659999999
20121026,3465.9943949999993
20121029,3465.7521149999993
20121030,3465.5196449999994
20121031,3465.0262549999989
20121101,3465.2060349999983
20121102,3466.0819549999987
20121105,3466.8209849999985
20121106,3466.8227649999985
20121107,3466.1415149999984
20121108,3465.0556449999985
20121109,3463.9114749999985
20121112,3463.4245099999985
20121113,3463.1323249999987
20121114,3462.0141949999984
20121115,3460.9591549999986
20121116,3459.6510949999993
20121119,3458.1538749999991
20121120,3456.7127449999989
20121121,3455.4166849999992
20121122,3454.0609799999988
20121123,3452.4475099999986
20121126,3450.3838749999982
20121127,3447.6426949999982
20121128,3444.8611899999983
20121129,3441.504469999998
20121130,3438.2383599999976
20121203,3434.5428849999971
20121204,3430.8605699999976
20121205,3427.6683749999975
20121206,3424.1993699999975
20121207,3421.0643249999971
20121210,3418.2489499999974
20121211,3415.2867949999973
20121212,3412.1097099999974
20121213,3408.3810699999972
20121214,3405.2077849999973
20121217,3401.8830349999976
20121218,3398.4943249999978
20121219,3395.2618849999976
20121220,3392.3254649999976
20121221,3389.2524699999981
20121224,3385.8688799999982
20121225,3382.8224349999982
20121226,3380.1628849999984
20121227,3377.4967549999983
20121228,3374.7135949999979
20121231,3371.8523549999977
20130104,3368.7880099999979
20130107,3365.6795349999975
20130108,3363.6431499999976
20130109,3361.8730149999978
20130110,3359.7216799999978
20130111,3356.9290949999977
20130114,3355.1213999999977
20130115,3353.5745749999978
20130116,3352.1154349999979
20130117,3350.8048999999983
20130118,3349.7967299999982
20130121,3348.9879599999981
20130122,3348.7150949999982
20130123,3348.7953099999977
20130124,3348.5596899999973
20130125,3347.7222499999975
20130128,3347.2010849999974
20130129,3347.0491099999972
20130130,3346.7818099999977
20130131,3346.3476199999977
20130201,3345.6841299999978
20130204,3344.7307999999971
20130205,3343.9066249999969
20130206,3343.4707699999972
20130207,3342.689004999997
20130208,3342.2084249999975
20130218,3341.6654799999974
20130219,3341.014394999997
20130220,3340.8592949999966
20130221,3340.0663249999971
20130222,3339.307974999997
20130225,3338.9227199999968
20130226,3337.9974449999972
20130227,3337.0078449999974
20130228,3336.2588199999973
20130301,3335.5781499999975
20130304,3334.2543749999977
20130305,3333.656634999998
20130306,3333.2706499999977
20130307,3332.7419249999975
20130308,3332.0433399999979
20130311,3331.3694499999979
20130312,3330.4737649999979
20130313,3329.1495849999978
20130314,3328.194564999998
20130315,3327.2829049999982
20130318,3325.8632299999981
20130319,3324.5089949999983
20130320,3323.7573899999984
20130321,3323.4049099999988
20130322,3322.8672349999993
20130325,3321.9814599999995
20130326,3320.9394249999996
20130327,3319.9327449999996
20130328,3318.4554449999991
20130329,3317.5828299999994
20130401,3316.8495599999997
20130402,3315.9912449999997
20130403,3315.0717199999995
20130408,3314.3065799999995
20130409,3313.3768649999997
20130410,3312.5212449999999
20130411,3311.2629549999997
20130412,3309.9720149999998
20130415,3308.4612999999999
20130416,3306.9530700000005
20130417,3305.7253600000004
20130418,3304.6599700000002
20130419,3304.1819949999999
20130422,3304.2745349999996
20130423,3303.9069199999999
20130424,3303.9477449999995
20130425,3303.9656549999991
20130426,3303.4496599999989
20130502,3302.8191349999993
20130503,3302.4834449999989
20130506,3302.5669899999989
20130507,3303.0833649999986
20130508,3303.4198749999987
20130509,3304.2046949999985
20130510,3305.2630049999984
20130513,3306.1962749999984
20130514,3306.6912799999977
20130515,3307.5013899999981
20130516,3309.124719999998
20130517,3310.9102849999977
20130520,3312.8347849999977
20130521,3314.806799999998
20130522,3316.7366049999982
20130523,3318.6684699999983
20130524,3320.7733749999984
20130527,3323.2150849999989
20130528,3325.842314999999
20130529,3328.7059499999991
20130530,3331.9443599999986
20130531,3335.3544899999983
20130603,3338.3461199999983
20130604,3341.0654249999989
20130605,3343.5418849999987
20130606,3345.2992299999987
20130607,3346.5390199999988
20130613,3347.3318449999992
20130614,3348.2314449999994
20130617,3349.2190549999996
20130618,3350.6573449999996
20130619,3351.8259099999996
20130620,3352.5967349999992
20130621,3353.3950099999993
20130624,3353.1259299999992
20130625,3352.7744049999992
20130626,3352.5247299999987
20130627,3352.1602849999986
20130628,3351.7002249999987
20130701,3351.8944349999988
20130702,3352.7680449999984
20130703,3353.5839999999985
20130704,3354.6387399999985
20130705,3355.8489099999983
20130708,3356.3537949999982
20130709,3356.6518199999978
20130710,3357.6346649999982
20130711,3359.0050849999975
20130712,3360.0410799999977
20130715,3360.8349849999977
20130716,3361.6985249999975
20130717,3362.3734549999976
20130718,3362.8988499999978
20130719,3363.2238849999976
20130722,3363.8400999999976
20130723,3365.3764099999976
20130724,3367.0865249999979
20130725,3368.2984049999977
20130726,3369.9603849999971
20130729,3371.3747999999973
20130730,3372.595089999998
20130731,3374.0267649999978
20130801,3376.272579999998
20130802,3378.2352149999979
20130805,3380.1991449999978
20130806,3382.4379399999975
20130807,3384.0914449999977
20130808,3385.6360799999979
20130809,3387.4895749999973
20130812,3389.668554999997
20130813,3392.0303699999972
20130814,3394.2696349999974
20130815,3396.2223499999968
20130816,3397.5199149999971
20130819,3399.1378299999978
20130820,3400.6435749999973
20130821,3402.4857449999977
20130822,3404.3784849999979
20130823,3406.3874749999977
20130826,3409.0889649999972
20130827,3411.9547399999974
20130828,3414.6709049999977
20130829,3417.3358349999976
20130830,3419.5156249999982
20130902,3421.7176599999984
20130903,3424.2652549999989
20130904,3426.9751499999984
20130905,3429.7422899999988
20130906,3433.0586099999991
20130909,3436.6333549999995
20130910,3440.3064299999992
20130911,3444.1171149999991
20130912,3447.9361849999991
20130913,3452.0510649999987
20130916,3456.2763349999987
20130917,3460.126999999999
20130918,3464.216699999999
20130923,3468.5384149999991
20130924,3473.0805399999995
20130925,3477.4993499999996
20130926,3481.6888149999995
20130927,3486.4817599999997
20130930,3491.8435399999998
20131008,3497.663
20131009,3503.4851699999999
20131010,3509.5376500000002
20131011,3515.7551699999999
20131014,3521.6658399999997
20131015,3527.6145149999998
20131016,3532.6796100000001
20131017,3537.4532799999997
20131018,3542.3963499999995
20131021,3547.8270899999998
20131022,3553.2432899999999
20131023,3557.5332299999995
20131024,3561.5646349999997
20131025,3565.2406099999994
20131028,3568.7886649999996
20131029,3571.7636649999995
20131030,3575.0805599999994
20131031,3578.0612149999997
20131101,3580.6279999999992
20131104,3583.1255649999989
20131105,3586.0151799999985
20131106,3588.5247349999991
20131107,3590.5706349999991
20131108,3592.429079999999
20131111,3594.2164349999989
20131112,3595.9839149999984
20131113,3597.3677799999987
20131114,3598.8851799999989
20131115,3601.2115449999988
20131118,3603.4272299999989
20131119,3605.3756449999987
20131120,3607.5157649999983
20131121,3609.8027049999987
20131122,3611.6932599999986
20131125,3613.4356599999987
20131126,3615.4868699999988
20131127,3617.7269199999987
20131128,3620.4915899999987
20131129,3623.4031999999988
20131202,3625.008554999999
20131203,3626.8957349999987
20131204,3629.0578349999992
20131205,3631.3032649999991
20131206,3633.3586349999991
20131209,3635.6753449999997
20131210,3637.8245449999999
20131211,3639.63652
20131212,3641.4329950000001
20131213,3643.0172200000002
20131216,3644.1669150000002
20131217,3645.5302650000003
20131218,3646.5236150000005
20131219,3647.6971450000005
20131220,3648.6903650000004
20131223,3649.46612
20131224,3650.643615
20131225,3652.0064000000002
20131226,3652.6810649999998
20131227,3653.4428249999996
20131230,3654.9142550000001
20131231,3656.0701250000002
20140102,3657.0398499999997
20140103,3658.07323
20140106,3658.7758199999998
20140107,3659.5886049999999
20140108,3660.8737549999996
20140109,3662.1071200000001
20140110,3662.9260199999994
20140113,3663.6300499999993
20140114,3664.9121199999995
20140115,3666.2624699999992
20140116,3667.1951799999993
20140117,3667.7296549999992
20140120,3668.0506799999989
20140121,3668.7086049999989
20140122,3669.984754999999
20140123,3671.350899999999
20140124,3673.519354999999
20140127,3675.6926649999991
20140128,3677.7069149999998
20140129,3680.1066649999993
20140130,3682.5475849999993
20140207,3685.2802899999992
20140210,3688.4315849999989
20140211,3691.6471399999991
20140212,3695.1581149999997
20140213,3698.5076449999992
20140214,3702.4441899999993
20140217,3706.5925099999995
20140218,3710.5689249999996
20140219,3714.4938349999993
20140220,3717.7629799999995
20140221,3720.814445
20140224,3724.26116
20140225,3726.6455150000002
20140226,3729.4259099999999
20140227,3732.2607150000003
20140228,3735.2233700000002
20140303,3738.2741649999998
20140304,3740.9997149999999
20140305,3743.5812500000002
20140306,3745.9757900000004
20140307,3748.2591800000005
20140310,3749.673765
20140311,3751.041275
20140312,3752.6230700000001
20140313,3754.1732699999998
20140314,3755.4393699999996
20140317,3756.8181249999998
20140318,3758.07539
20140319,3759.0434599999994
20140320,3759.6469799999995
20140321,3760.7877949999993
20140324,3761.8067449999999
20140325,3762.6603299999992
20140326,3763.528929999999
20140327,3763.9675549999993
20140328,3763.9683599999994
20140331,3763.9649499999996
20140401,3764.3898399999994
20140402,3765.201434999999
20140403,3765.9070949999987
20140404,3767.1595599999987
20140408,3768.9866349999993
20140409,3771.5041199999991
20140410,3773.7734299999988
20140411,3775.9125449999988
20140414,3778.1404049999983
20140415,3780.3334449999984
20140416,3783.1078399999988
20140417,3785.9501249999985
20140418,3789.9316249999979
20140421,3793.6626399999986
20140422,3796.9693949999987
20140423,3800.4491249999987
20140424,3803.6932899999983
20140425,3806.1737399999984
20140428,3807.8014399999984
20140429,3809.6751499999982
20140430,3811.5535599999985
20140505,3813.6873549999982
20140506,3816.5748699999986
20140507,3819.0251399999984
20140508,3820.9882199999988
20140509,3822.2889099999989
20140512,3824.2270249999988
20140513,3825.794269999999
20140514,3827.1317199999989
20140515,3828.3680349999991
20140516,3829.5953099999988
20140519,3831.150599999999
20140520,3832.4227449999989
20140521,3833.4345849999991
20140522,3834.3338749999989
20140523,3835.7754799999989
20140526,3837.4421199999988
20140527,3839.400764999999
20140528,3841.6526099999987
20140529,3843.6082299999985
20140530,3845.1486599999985
20140603,3846.5941949999983
20140604,3847.5779749999988
20140605,3848.582629999999
20140606,3849.6927049999995
20140609,3850.6505999999995
20140610,3851.7569749999993
20140611,3852.6662549999996
20140612,3853.4390599999997
20140613,3854.4914349999995
20140616,3855.9097349999997
20140617,3857.5347149999998
20140618,3858.7800699999998
20140619,3859.5603550000001
20140620,3860.3695599999996
20140623,3861.2666099999992
20140624,3862.3227749999992
20140625,3862.8749599999992
20140626,3863.5242199999989
20140627,3864.4512349999986
20140630,3865.570334999999
20140701,3867.0082249999991
20140702,3868.4549799999991
20140703,3869.8288599999987
20140704,3871.0754699999989
20140707,3872.3350649999988
20140708,3873.5694399999988
20140709,3874.3218249999986
20140710,3874.8781999999987
20140711,3875.8556649999991
20140714,3877.0843349999991
20140715,3878.3007999999995
20140716,3879.3403599999992
20140717,3880.5660999999986
20140718,3881.6680899999983
20140721,3882.3211749999982
20140722,3883.2200249999978
20140723,3884.0594849999975
20140724,3885.2895199999975
20140725,3886.6247349999971
20140728,3888.1021349999974
20140729,3889.4511049999974
20140730,3890.6199949999973
20140731,3892.1070699999977
20140801,3893.0235849999981
20140804,3894.0762199999981
20140805,3895.2064049999981
20140806,3897.0333499999979
20140807,3898.678974999998
20140808,3900.3842549999986
20140811,3901.9241799999982
20140812,3903.7906299999986
20140813,3906.1785799999984
20140814,3908.5553199999981
20140815,3911.5646049999987
20140818,3914.9388099999987
20140819,3918.9041999999986
20140820,3922.5689299999985
20140821,3926.4769849999984
20140822,3930.5735199999986
20140825,3934.3682899999985
20140826,3937.5192099999986
20140827,3940.9397399999989
20140828,3944.4220099999984
20140829,3948.4117049999982
20140901,3952.7197149999988
20140902,3957.1976349999986
20140903,3962.1816199999989
20140904,3967.1218999999996
20140905,3971.7720099999992
20140909,3976.1410949999995
20140910,3980.4888149999997
20140911,3984.6206049999996
20140912,3989.0782999999997
20140915,3993.9022949999994
20140916,3997.9320149999999
20140917,4002.1338699999997
20140918,4006.2801399999998
20140919,4010.4604449999997
20140922,4014.1996749999998
20140923,4019.1177099999995
20140924,4023.8964849999993
20140925,4028.3051699999992
20140926,4032.8112249999995
20140929,4037.6044849999994
20140930,4042.446559999999
20141008,4047.6617849999984
20141009,4053.1478899999988
20141010,4058.4723449999983
20141013,4063.7585799999983
20141014,4069.3004199999982
20141015,4075.0688199999986
20141016,4080.4298149999981
20141017,4085.758359999998
20141020,4091.6691499999979
20141021,4097.3755799999981
20141022,4102.660109999998
20141023,4107.3939999999984
20141024,4112.551669999998
20141027,4117.5953899999986
20141028,4123.1551499999987
20141029,4128.9684449999986
20141030,4134.6921999999986
20141031,4140.5426999999981
20141103,4147.1316999999981
20141104,4153.4807399999981
20141105,4159.766929999998
20141106,4166.4110549999978
20141107,4173.1541599999982
20141110,4180.2490649999982
20141111,4186.2387949999984
20141112,4192.5250049999977
20141113,4198.5617899999979
20141114,4204.750259999998
20141117,4211.3219649999983
20141118,4217.6596799999979
20141119,4223.589974999998
20141120,4229.3356749999975
20141121,4235.0711999999985
20141124,4241.2220599999973
20141125,4247.7980149999976
20141126,4254.3268149999976
20141127,4261.1566799999973
20141128,4267.5946599999979
20141201,4273.2622049999973
20141202,4279.2485999999972
20141203,4285.3165649999974
20141204,4292.2542599999979
20141205,4298.2529199999981
20141208,4304.252564999998
20141209,4309.1910999999973
20141210,4315.0216149999978
20141211,4321.5484749999978
20141212,4328.4048899999971
20141215,4335.7939149999966
20141216,4344.0201849999967
20141217,4351.8692149999961
20141218,4359.9858049999966
20141219,4367.7267699999966
20141222,4373.9588199999971
20141223,4379.6295949999967
20141224,4385.7524999999969
20141225,4392.4115349999956
20141226,4399.4630549999965
20141229,4407.0000199999959
20141230,4414.0541449999964
20141231,4421.3394049999961
20150105,4428.8887599999962
20150106,4436.8432049999965
20150107,4444.4486649999963
20150108,4451.7228449999957
20150109,4458.8647699999965
20150112,4466.1429849999959
20150113,4473.406479999996
20150114,4480.3758649999963
20150115,4487.665334999996
20150116,4495.258439999996
20150119,4501.9476949999962
20150120,4509.9837899999957
20150121,4518.8395799999962
20150122,4527.7929199999962
20150123,4536.4491499999967
20150126,4545.7626449999962
20150127,4554.9355799999958
20150128,4563.7270499999959
20150129,4572.1403399999954
20150130,4580.1097799999961
20150202,4588.0507549999957
20150203,4596.3314849999961
20150204,4604.6395499999962
20150205,4612.811219999996
20150206,4620.4104449999959
20150209,4627.789004999996
20150210,4635.8658399999958
20150211,4644.3389249999964
20150212,4653.0997899999966
20150213,4662.5220949999966
20150216,4672.8672549999965
20150217,4683.9997799999965
20150225,4694.8378399999965
20150226,4705.8547749999962
20150227,4716.9556499999962
20150302,4728.5647099999969
20150303,4740.4081649999971
20150304,4752.690214999996
20150305,4765.1550449999959
20150306,4776.756384999996
20150309,4788.7831149999956
20150310,4801.1465249999965
20150311,4813.799299999996
20150312,4826.4667049999962
20150313,4839.5877649999966
20150316,4853.5930399999961
20150317,4867.9466399999965
20150318,4882.8562799999963
20150319,4897.8357799999967
20150320,4912.9528299999965
20150323,4928.9469899999958
20150324,4944.8696649999965
20150325,4961.3846899999962
20150326,4977.610684999996
20150327,4994.2768299999962
20150330,5011.5578449999957
20150331,5028.6630899999964
20150401,5046.7000899999957
20150402,5065.5161849999968
20150403,5084.7111399999967
20150407,5104.7373049999969
20150408,5124.5267249999961
20150409,5143.7996949999961
20150410,5163.9857349999957
20150413,5185.2034799999956
20150414,5206.5127799999955
20150415,5226.7480449999957
20150416,5247.3617749999967
20150417,5268.186179999997
20150420,5288.189669999997
20150421,5309.6829549999966
20150422,5331.9903399999966
20150423,5354.5972399999955
20150424,5377.0681999999961
20150427,5399.8746499999961
20150428,5421.3105149999956
20150429,5443.3535499999953
20150430,5465.6791099999946
20150504,5488.159074999995
20150505,5508.9572599999956
20150506,5529.460234999995
20150507,5549.0666349999947
20150508,5569.9243449999949
20150511,5592.2614249999961
20150512,5615.5242499999968
20150513,5639.3382999999976
20150514,5663.248064999997
20150515,5686.7498849999974
20150518,5711.1166499999972
20150519,5736.3243749999974
20150520,5762.4254649999984
20150521,5790.2504649999983
20150522,5818.6923149999984
20150525,5848.0508999999993
20150526,5878.8794900000003
20150527,5910.292010000001
20150528,5938.3489050000026
20150529,5967.1320350000015
20150601,5998.1793500000022
20150602,6031.1107500000007
20150603,6064.3676950000008
20150604,6097.7642949999999
20150605,6131.9284100000004
20150608,6165.1979200000005
20150609,6198.2675899999995
20150610,6232.2988349999996
20150611,6267.2627800000009
20150612,6302.8740550000011
20150615,6337.1207950000007
20150616,6369.0352849999999
20150617,6402.0510200000008
20150618,6433.2307150000006
20150619,6460.5589920000002
20150623,6488.3577070000001
20150624,6517.6579020000008
20150625,6545.0823605000005
20150626,6568.5652145000013
20150629,6588.8490365000007
20150630,6610.8419275000006
20150701,6630.0208759999996
20150702,6646.1536084999998
20150703,6659.6916334999996
20150706,6672.5392585
20150707,6682.848395
20150708,6692.3107175000005
20150709,6703.2677654999998
20150710,6715.7069414999996
20150713,6730.1473420000002
20150714,6746.2148990000005
20150715,6759.8111365000004
20150716,6774.1098840000004
20150717,6790.2897345000001
20150720,6807.4010675
20150721,6824.7310210000005
20150722,6842.2536530000007
20150723,6860.9399325000004
20150724,6878.9156270000003
20150727,6893.4993565000004
20150728,6907.1678609999999
20150729,6922.3141840000008
20150730,6936.2970785000016
20150731,6950.0231175000026
20150803,6962.8107390000023
20150804,6977.6908000000021
20150805,6991.9489525000017
20150806,7006.3778715000026
20150807,7022.1408050000018
20150810,7039.4654360000022
20150811,7057.2219515000024
20150812,7074.7755890000026
20150813,7093.671578000004
20150814,7112.9244595000046
20150817,7132.9791530000048
20150818,7149.160721500004
20150819,7165.9068605000048
20150820,7181.1912685000061
20150821,7194.3237005000065
20150824,7204.2111530000057
20150825,7211.6008615000055
20150826,7217.8162745000063
20150827,7224.972308500006
20150828,7234.3005025000066
20150831,7242.0520610000067
20150901,7248.4906970000065
20150902,7254.2765435000065
20150907,7260.3859715000062
20150908,7267.712202000007
20150909,7275.6749080000072
20150910,7283.0381995000071
20150911,7290.5792900000069
20150914,7295.9551120000078
20150915,7299.3463965000074
20150916,7304.2099850000077
20150917,7308.0920250000081
20150918,7312.2053820000092
20150921,7317.2006335000087
20150922,7322.4539275000097
20150923,7327.5362355000098
20150924,7332.7235010000095
20150925,7336.5703580000099
20150928,7340.40900650001
20150929,7344.2575755000107
20150930,7347.8128425000095
20151008,7353.6982745000105
20151009,7359.1780465000102
20151012,7365.4994420000094
20151013,7372.0438265000093
20151014,7377.7483200000097
20151015,7384.3610420000095
20151016,7391.8124115000091
20151019,7399.25904550001
20151020,7407.4488125000098
20151021,7414.4864605000103
20151022,7423.3393385000099
20151023,7432.7186855000091
20151026,7441.8296445000087
20151027,7450.8730705000098
20151028,7459.2793615000091
20151029,7468.4488105000091
20151030,7477.2600935000091
20151102,7484.8571660000089
20151103,7492.0583605000083
20151104,7500.957092500008
20151105,7510.1191600000075
20151106,7520.3081055000075
20151109,7531.366007500008
20151110,7542.2155945000077
20151111,7553.7402345000082
20151112,7564.9073030000091
20151113,7575.1422280000088
20151116,7587.3270270000094
20151117,7598.2163610000098
20151118,7607.7925995000105
20151119,7617.9349295000102
20151120,7628.7998120000093
20151123,7638.7258280000087
20151124,7648.8492355000089
20151125,7659.7615610000084
20151126,7670.6259345000071
20151127,7679.3429160000078
20151130,7688.3379650000088
20151201,7697.0203110000084
20151202,7705.632014000008
20151203,7715.2134675000088
20151204,7725.0979170000091
20151207,7735.5841850000097
20151208,7744.7013750000096
20151209,7753.36381600001
20151210,7761.7081600000101
20151211,7769.3153085000104
20151214,7777.171894000011
20151215,7785.1073105000114
20151216,7793.2216345000115
20151217,7801.9550795000114
20151218,7810.359614500012
20151221,7818.6034745000125
20151222,7827.2932350000137
20151223,7835.1075425000126
20151224,7842.8277860000135
20151225,7851.1232780000137
20151228,7858.0789025000131
20151229,7865.0684180000135
20151230,7872.4591940000128
20151231,7879.2469540000129
20160104,7882.5160960000139
20160105,7884.3809780000138
20160106,7886.6187420000133
20160107,7885.2896160000128
20160108,7884.2294590000129
20160111,7880.6182530000133
20160112,7876.2157990000132
20160113,7870.6054040000136
20160114,7865.6051450000132
20160115,7859.7013675000135
20160118,7853.8161805000136
20160119,7848.5741690000132
20160120,7843.0011645000141
20160121,7835.3069170000135
20160122,7827.4067325000142
20160125,7819.2183130000139
20160126,7807.8484275000137
20160127,7796.379385500014
20160128,7784.0047930000128
20160129,7771.5894750000125
20160201,7757.9723955000136
20160202,7745.305733500014
20160203,7734.3428655000134
20160204,7723.3898520000139
20160205,7711.8070375000134
20160215,7700.9477315000131
20160216,7689.8969670000133
20160217,7678.1368935000137
20160218,7665.8690310000138
20160219,7653.6711380000143
20160222,7641.624670500014
20160223,7630.6447545000146
20160224,7619.0586980000153
20160225,7604.8405940000157
20160226,7590.532877000016
20160229,7576.2883255000161
20160301,7563.2415050000154
20160302,7552.4898560000156
20160303,7540.3682760000147
20160304,7525.6849930000144
20160307,7510.7193440000146
20160308,7495.416325500014
20160309,7479.434548500014
20160310,7463.3298635000137
20160311,7446.3567975000142
20160314,7429.1855845000136
20160315,7410.9979355000141
20160316,7390.715839000015
20160317,7370.5548590000144
20160318,7350.1007240000145
20160321,7328.7302265000144
20160322,7306.6209875000141
20160323,7287.8736995000136
20160324,7268.1315955000136
20160325,7246.0772015000139
20160328,7221.8340925000139
20160329,7196.5434785000143
20160330,7172.4039455000147
20160331,7147.4604155000152
