2006-04-06,930.0
2006-04-07,919.0
2006-04-10,932.0
2006-04-11,936.0
2006-04-12,933.0
2006-04-13,920.0
2006-04-14,938.0
2006-04-17,947.0
2006-04-18,950.0
2006-04-19,952.0
2006-04-20,939.0
2006-04-21,962.0
2006-04-24,961.0
2006-04-25,942.0
2006-04-26,963.0
2006-04-27,964.0
2006-04-28,992.0
2006-05-08,1026.0
2006-05-09,1046.0
2006-05-10,1052.0
2006-05-11,1043.0
2006-05-12,1080.0
2006-05-15,1139.0
2006-05-16,1104.0
2006-05-17,1107.0
2006-05-18,1105.0
2006-05-19,1101.0
2006-05-22,1100.0
2006-05-23,1064.0
2006-05-24,1066.0
2006-05-25,1065.0
2006-05-26,1090.0
2006-05-29,1108.0
2006-05-30,1114.0
2006-05-31,1110.0
2006-06-01,1138.0
2006-06-02,1137.0
2006-06-05,1124.0
2006-06-06,1122.0
2006-06-07,1073.0
2006-06-08,1079.0
2006-06-09,1061.0
2006-06-12,1061.0
2006-06-13,1058.0
2006-06-14,1052.0
2006-06-15,1053.0
2006-06-16,1076.0
2006-06-19,1083.0
2006-06-20,1088.0
2006-06-21,1087.0
2006-06-22,1084.0
2006-06-23,1092.0
2006-06-26,1117.0
2006-06-27,1117.0
2006-06-28,1117.0
2006-06-29,1138.0
2006-06-30,1136.0
2006-07-03,1161.0
2006-07-04,1150.0
2006-07-05,1123.0
2006-07-06,1140.0
2006-07-07,1128.0
2006-07-10,1127.0
2006-07-11,1130.0
2006-07-12,1132.0
2006-07-13,1085.0
2006-07-14,1091.0
2006-07-17,1097.0
2006-07-18,1094.0
2006-07-19,1070.0
2006-07-20,1076.0
2006-07-21,1088.0
2006-07-24,1088.0
2006-07-25,1100.0
2006-07-26,1100.0
2006-07-27,1092.0
2006-07-28,1080.0
2006-07-31,1052.0
2006-08-01,1043.0
2006-08-02,1035.0
2006-08-03,1039.0
2006-08-04,1024.0
2006-08-07,1008.0
2006-08-08,1024.0
2006-08-09,1028.0
2006-08-10,1042.0
2006-08-11,1040.0
2006-08-14,1026.0
2006-08-15,1038.0
2006-08-16,1048.0
2006-08-17,1039.0
2006-08-18,1042.0
2006-08-21,1043.0
2006-08-22,1052.0
2006-08-23,1055.0
2006-08-24,1060.0
2006-08-25,1064.0
2006-08-28,1085.0
2006-08-29,1081.0
2006-08-30,1078.0
2006-08-31,1077.0
2006-09-01,1064.0
2006-09-04,1076.0
2006-09-05,1081.0
2006-09-06,1090.0
2006-09-07,1078.0
2006-09-08,1081.0
2006-09-11,1087.0
2006-09-12,1101.0
2006-09-13,1104.0
2006-09-14,1102.0
2006-09-15,1130.0
2006-09-18,1148.0
2006-09-19,1133.0
2006-09-20,1129.0
2006-09-21,1144.0
2006-09-22,1132.0
2006-09-25,1127.0
2006-09-26,1114.0
2006-09-27,1125.0
2006-09-28,1142.0
2006-09-29,1156.0
2006-10-09,1186.0
2006-10-10,1191.0
2006-10-11,1190.0
2006-10-12,1187.0
2006-10-13,1186.0
2006-10-16,1169.0
2006-10-17,1161.0
2006-10-18,1185.0
2006-10-19,1189.0
2006-10-20,1192.0
2006-10-23,1173.0
2006-10-24,1194.0
2006-10-25,1201.0
2006-10-26,1217.0
2006-10-27,1201.0
2006-10-30,1213.0
2006-10-31,1233.0
2006-11-01,1251.0
2006-11-02,1246.0
2006-11-03,1267.0
2006-11-06,1285.0
2006-11-07,1303.0
2006-11-08,1283.0
2006-11-09,1312.0
2006-11-10,1308.0
2006-11-13,1286.0
2006-11-14,1300.0
2006-11-15,1333.0
2006-11-16,1302.0
2006-11-17,1327.0
2006-11-20,1364.0
2006-11-21,1370.0
2006-11-22,1380.0
2006-11-23,1389.0
2006-11-24,1383.0
2006-11-27,1375.0
2006-11-28,1360.0
2006-11-29,1380.0
2006-11-30,1416.0
2006-12-01,1421.0
2006-12-04,1481.0
2006-12-05,1487.0
2006-12-06,1483.0
2006-12-07,1498.0
2006-12-08,1438.0
2006-12-11,1520.0
2006-12-12,1527.0
2006-12-13,1520.0
2006-12-14,1547.0
2006-12-15,1574.0
2006-12-18,1608.0
2006-12-19,1615.0
2006-12-20,1641.0
2006-12-21,1617.0
2006-12-22,1588.0
2006-12-25,1627.0
2006-12-26,1636.0
2006-12-27,1690.0
2006-12-28,1699.0
2006-12-29,1788.0
2007-01-04,1801.0
2007-01-05,1776.0
2007-01-08,1829.0
2007-01-09,1904.0
2007-01-10,1924.0
2007-01-11,1898.0
2007-01-12,1837.0
2007-01-15,1917.0
2007-01-16,1944.0
2007-01-17,1910.0
2007-01-18,1906.0
2007-01-19,1968.0
2007-01-22,2053.0
2007-01-23,2085.0
2007-01-24,2110.0
2007-01-25,2070.0
2007-01-26,2151.0
2007-01-29,2200.0
2007-01-30,2177.0
2007-01-31,2035.0000000000002
2007-02-01,2025.0
2007-02-02,1932.0
2007-02-05,1884.0
2007-02-06,1946.0
2007-02-07,1987.0
2007-02-08,2005.0
2007-02-09,1980.0
2007-02-12,2068.0
2007-02-13,2085.0
2007-02-14,2155.0
2007-02-15,2218.0
2007-02-16,2212.0
2007-02-26,2215.0
2007-02-27,2021.0
2007-02-28,2074.0
2007-03-01,2016.0
2007-03-02,2043.0000000000002
2007-03-05,1996.0
2007-03-06,2051.0
2007-03-07,2103.0
2007-03-08,2113.0
2007-03-09,2111.0
2007-03-12,2101.0
2007-03-13,2110.0
2007-03-14,2067.0
2007-03-15,2107.0
2007-03-16,2074.0
2007-03-19,2152.0
2007-03-20,2147.0
2007-03-21,2173.0
2007-03-22,2180.0
2007-03-23,2176.0
2007-03-26,2207.0
2007-03-27,2210.0
2007-03-28,2251.0
2007-03-29,2274.0
2007-03-30,2259.0
2007-04-02,2310.0
2007-04-03,2332.0
2007-04-04,2342.0
2007-04-05,2348.0
2007-04-06,2353.0
2007-04-09,2405.0
2007-04-10,2427.0
2007-04-11,2461.0
2007-04-12,2498.0
2007-04-13,2471.0
2007-04-16,2542.0
2007-04-17,2531.0
2007-04-18,2515.0
2007-04-19,2412.0
2007-04-20,2503.0
2007-04-23,2612.0
2007-04-24,2609.0
2007-04-25,2638.0
2007-04-26,2656.0
2007-04-27,2635.0
2007-04-30,2675.0
2007-05-08,2763.0
2007-05-09,2785.0
2007-05-10,2810.0
2007-05-11,2788.0
2007-05-14,2821.0
2007-05-15,2720.0
2007-05-16,2768.0
2007-05-17,2808.0
2007-05-18,2788.0
2007-05-21,2793.0
2007-05-22,2820.0
2007-05-23,2857.0
2007-05-24,2830.0
2007-05-25,2869.0
2007-05-28,2926.0
2007-05-29,2980.0
2007-05-30,2737.0
2007-05-31,2879.0
2007-06-01,2859.0
2007-06-04,2697.0
2007-06-05,2716.0
2007-06-06,2707.0
2007-06-07,2789.0
2007-06-08,2801.0
2007-06-11,2850.0
2007-06-12,2915.0
2007-06-13,2999.0
2007-06-14,2962.0
2007-06-15,2984.0
2007-06-18,3080.0
2007-06-19,3066.0
2007-06-20,3023.0
2007-06-21,3048.0
2007-06-22,2986.0
2007-06-25,2917.0
2007-06-26,2940.0
2007-06-27,3038.0
2007-06-28,2961.0
2007-06-29,2891.0
2007-07-02,2925.0
2007-07-03,2940.0
2007-07-04,2873.0
2007-07-05,2769.0
2007-07-06,2837.0
2007-07-09,2930.0
2007-07-10,2914.0
2007-07-11,2916.0
2007-07-12,2954.0
2007-07-13,2958.0
2007-07-16,2860.0
2007-07-17,2943.0
2007-07-18,2958.0
2007-07-19,2947.0
2007-07-20,3089.0
2007-07-23,3202.0
2007-07-24,3203.0
2007-07-25,3287.0
2007-07-26,3277.0
2007-07-27,3244.0
2007-07-30,3336.0
2007-07-31,3362.0
2007-08-01,3256.0
2007-08-02,3341.0
2007-08-03,3500.0
2007-08-06,3550.0
2007-08-07,3560.0
2007-08-08,3537.0
2007-08-09,3656.0
2007-08-10,3649.0
2007-08-13,3669.0
2007-08-14,3706.0
2007-08-15,3719.0
2007-08-16,3641.0
2007-08-17,3554.0
2007-08-20,3790.0
2007-08-21,3819.0
2007-08-22,3870.0
2007-08-23,3917.0
2007-08-24,4026.0
2007-08-27,4041.0000000000005
2007-08-28,4040.0
2007-08-29,3990.0
2007-08-30,4019.9999999999995
2007-08-31,4059.9999999999995
2007-09-03,4155.0
2007-09-04,4086.0000000000005
2007-09-05,4083.0
2007-09-06,4126.0
2007-09-07,4059.9999999999995
2007-09-10,4110.0
2007-09-11,3954.0
2007-09-12,3966.0
2007-09-13,4056.0
2007-09-14,4069.0
2007-09-17,4175.0
2007-09-18,4140.0
2007-09-19,4090.0
2007-09-20,4138.0
2007-09-21,4094.9999999999995
2007-09-24,4139.0
2007-09-25,4109.0
2007-09-26,4049.0000000000005
2007-09-27,4103.0
2007-09-28,4243.0
2007-10-08,4295.0
2007-10-09,4314.0
2007-10-10,4352.0
2007-10-11,4475.0
2007-10-12,4457.0
2007-10-15,4587.0
2007-10-16,4599.0
2007-10-17,4546.0
2007-10-18,4380.0
2007-10-19,4348.0
2007-10-22,4255.0
2007-10-23,4360.0
2007-10-24,4404.0
2007-10-25,4240.0
2007-10-26,4308.0
2007-10-29,4392.0
2007-10-30,4442.0
2007-10-31,4445.0
2007-11-01,4407.0
2007-11-02,4311.0
2007-11-05,4228.0
2007-11-06,4204.0
2007-11-07,4226.0
2007-11-08,4034.0
2007-11-09,3999.0
2007-11-12,3952.0
2007-11-13,3924.0
2007-11-14,4108.0
2007-11-15,4029.0
2007-11-16,3971.0
2007-11-19,3954.0
2007-11-20,3996.0
2007-11-21,3960.0
2007-11-22,3804.0
2007-11-23,3862.0
2007-11-26,3784.0
2007-11-27,3774.0
2007-11-28,3722.0
2007-11-29,3913.0
2007-11-30,3820.0
2007-12-03,3856.0
2007-12-04,3890.0
2007-12-05,4000.0
2007-12-06,3985.0
2007-12-07,4059.9999999999995
2007-12-10,4114.0
2007-12-11,4083.9999999999995
2007-12-12,4003.0
2007-12-13,3865.0
2007-12-14,3942.0
2007-12-17,3839.0
2007-12-18,3810.0
2007-12-19,3901.0
2007-12-20,3975.0
2007-12-21,4027.0
2007-12-24,4086.0000000000005
2007-12-25,4082.0
2007-12-26,4105.0
2007-12-27,4184.0
2007-12-28,4151.0
2008-01-02,4141.0
2008-01-03,4156.0
2008-01-04,4203.0
2008-01-07,4253.0
2008-01-08,4266.0
2008-01-09,4328.0
2008-01-10,4343.0
2008-01-11,4402.0
2008-01-14,4437.0
2008-01-15,4370.0
2008-01-16,4235.0
2008-01-17,4151.0
2008-01-18,4165.0
2008-01-21,3969.0
2008-01-22,3698.0
2008-01-23,3845.0
2008-01-24,3825.0
2008-01-25,3881.0
2008-01-28,3621.0
2008-01-29,3635.0
2008-01-30,3552.0
2008-01-31,3512.0
2008-02-01,3501.0
2008-02-04,3851.0
2008-02-05,3777.0
2008-02-13,3683.0
2008-02-14,3721.0
2008-02-15,3653.0
2008-02-18,3715.0
2008-02-19,3798.0
2008-02-20,3694.0
2008-02-21,3645.0
2008-02-22,3500.0
2008-02-25,3384.0
2008-02-26,3409.0
2008-02-27,3493.0
2008-02-28,3469.0
2008-02-29,3501.0
2008-03-03,3580.0
2008-03-04,3459.0
2008-03-05,3423.0
2008-03-06,3458.0
2008-03-07,3421.0
2008-03-10,3294.0
2008-03-11,3294.0
2008-03-12,3207.0
2008-03-13,3136.0
2008-03-14,3115.0
2008-03-17,3027.0
2008-03-18,2912.0
2008-03-19,2994.0
2008-03-20,3052.0
2008-03-21,3057.0
2008-03-24,2914.0
2008-03-25,2924.0
2008-03-26,2940.0
2008-03-27,2820.0
2008-03-28,2958.0
2008-03-31,2866.0
2008-04-01,2763.0
2008-04-02,2788.0
2008-04-03,2872.0
2008-04-07,2989.0
2008-04-08,2982.0
2008-04-09,2844.0
2008-04-10,2873.0
2008-04-11,2882.0
2008-04-14,2718.0
2008-04-15,2740.0
2008-04-16,2680.0
2008-04-17,2606.0
2008-04-18,2539.0
2008-04-21,2575.0
2008-04-22,2610.0
2008-04-23,2718.0
2008-04-24,2990.0
2008-04-25,2985.0
2008-04-28,2912.0
2008-04-29,2943.0
2008-04-30,3111.0
2008-05-05,3135.0
2008-05-06,3087.0
2008-05-07,2963.0
2008-05-08,3020.0
2008-05-09,2961.0
2008-05-12,2973.0
2008-05-13,2925.0
2008-05-14,3014.0
2008-05-15,2997.0
2008-05-16,2990.0
2008-05-19,2964.0
2008-05-20,2836.0
2008-05-21,2887.0
2008-05-22,2841.0
2008-05-23,2845.0
2008-05-26,2759.0
2008-05-27,2764.0
2008-05-28,2839.0
2008-05-29,2774.0
2008-05-30,2807.0
2008-06-02,2822.0
2008-06-03,2811.0
2008-06-04,2754.0
2008-06-05,2725.0
2008-06-06,2712.0
2008-06-10,2482.0
2008-06-11,2461.0
2008-06-12,2406.0
2008-06-13,2367.0
2008-06-16,2369.0
2008-06-17,2317.0
2008-06-18,2408.0
2008-06-19,2250.0
2008-06-20,2330.0
2008-06-23,2269.0
2008-06-24,2306.0
2008-06-25,2381.0
2008-06-26,2378.0
2008-06-27,2256.0
2008-06-30,2232.0
2008-07-01,2143.0
2008-07-02,2133.0
2008-07-03,2160.0
2008-07-04,2140.0
2008-07-07,2263.0
2008-07-08,2262.0
2008-07-09,2368.0
2008-07-10,2336.0
2008-07-11,2320.0
2008-07-14,2331.0
2008-07-15,2226.0
2008-07-16,2157.0
2008-07-17,2142.0
2008-07-18,2238.0
2008-07-21,2302.0
2008-07-22,2289.0
2008-07-23,2279.0
2008-07-24,2362.0
2008-07-25,2337.0
2008-07-28,2350.0
2008-07-29,2300.0
2008-07-30,2295.0
2008-07-31,2237.0
2008-08-01,2273.0
2008-08-04,2224.0
2008-08-05,2190.0
2008-08-06,2217.0
2008-08-07,2220.0
2008-08-08,2112.0
2008-08-11,2041.0
2008-08-12,2031.0000000000002
2008-08-13,2019.0000000000002
2008-08-14,2012.0
2008-08-15,2027.0000000000002
2008-08-18,1935.0
2008-08-19,1954.0
2008-08-20,2119.0
2008-08-21,2049.0
2008-08-22,2009.0
2008-08-25,2021.0
2008-08-26,1982.0
2008-08-27,1988.0
2008-08-28,2003.0
2008-08-29,2037.9999999999998
2008-09-01,1975.0
2008-09-02,1948.0
2008-09-03,1908.0
2008-09-04,1910.0
2008-09-05,1860.0
2008-09-08,1832.0
2008-09-09,1842.0
2008-09-10,1839.0
2008-09-11,1771.0
2008-09-12,1774.0
2008-09-16,1649.0
2008-09-17,1601.0
2008-09-18,1569.0
2008-09-19,1726.0
2008-09-22,1899.0
2008-09-23,1777.0
2008-09-24,1798.0
2008-09-25,1872.0
2008-09-26,1866.0
2008-10-06,1762.0
2008-10-07,1731.0
2008-10-08,1650.0
2008-10-09,1634.0
2008-10-10,1572.0
2008-10-13,1663.0
2008-10-14,1612.0
2008-10-15,1582.0
2008-10-16,1503.0
2008-10-17,1513.0
2008-10-20,1568.0
2008-10-21,1543.0
2008-10-22,1502.0
2008-10-23,1494.0
2008-10-24,1446.0
2008-10-27,1323.0
2008-10-28,1389.0
2008-10-29,1347.0
2008-10-30,1391.0
2008-10-31,1359.0
2008-11-03,1360.0
2008-11-04,1355.0
2008-11-05,1415.0
2008-11-06,1372.0
2008-11-07,1399.0
2008-11-10,1529.0
2008-11-11,1491.0
2008-11-12,1505.0
2008-11-13,1554.0
2008-11-14,1589.0
2008-11-17,1602.0
2008-11-18,1495.0
2008-11-19,1535.0
2008-11-20,1490.0
2008-11-21,1485.0
2008-11-24,1424.0
2008-11-25,1420.0
2008-11-26,1422.0
2008-11-27,1448.0
2008-11-28,1397.0
2008-12-01,1412.0
2008-12-02,1407.0
2008-12-03,1476.0
2008-12-04,1503.0
2008-12-05,1520.0
2008-12-08,1583.0
2008-12-09,1538.0
2008-12-10,1585.0
2008-12-11,1543.0
2008-12-12,1478.0
2008-12-15,1486.0
2008-12-16,1495.0
2008-12-17,1494.0
2008-12-18,1530.0
2008-12-19,1528.0
2008-12-22,1499.0
2008-12-23,1434.0
2008-12-24,1411.0
2008-12-25,1399.0
2008-12-26,1398.0
2008-12-29,1391.0
2008-12-30,1373.0
2008-12-31,1365.0
2009-01-05,1417.0
2009-01-06,1457.0
2009-01-07,1448.0
2009-01-08,1407.0
2009-01-09,1428.0
2009-01-12,1420.0
2009-01-13,1397.0
2009-01-14,1460.0
2009-01-15,1447.0
2009-01-16,1489.0
2009-01-19,1508.0
2009-01-20,1518.0
2009-01-21,1511.0
2009-01-22,1526.0
2009-01-23,1518.0
2009-02-02,1520.0
2009-02-03,1559.0
2009-02-04,1606.0
2009-02-05,1600.0
2009-02-06,1668.0
2009-02-09,1692.0
2009-02-10,1697.0
2009-02-11,1700.0
2009-02-12,1675.0
2009-02-13,1737.0
2009-02-16,1792.0
2009-02-17,1748.0
2009-02-18,1668.0
2009-02-19,1660.0
2009-02-20,1679.0
2009-02-23,1718.0
2009-02-24,1629.0
2009-02-25,1645.0
2009-02-26,1593.0
2009-02-27,1574.0
2009-03-02,1576.0
2009-03-03,1553.0
2009-03-04,1671.0
2009-03-05,1689.0
2009-03-06,1676.0
2009-03-09,1619.0
2009-03-10,1641.0
2009-03-11,1626.0
2009-03-12,1624.0
2009-03-13,1621.0
2009-03-16,1658.0
2009-03-17,1709.0
2009-03-18,1704.0
2009-03-19,1732.0
2009-03-20,1726.0
2009-03-23,1766.0
2009-03-24,1774.0
2009-03-25,1745.0
2009-03-26,1818.0
2009-03-27,1823.0
2009-03-30,1815.0
2009-03-31,1831.0
2009-04-01,1850.0
2009-04-02,1876.0
2009-04-03,1889.0
2009-04-07,1894.0
2009-04-08,1816.0
2009-04-09,1844.0
2009-04-10,1891.0
2009-04-13,1938.0
2009-04-14,1942.0
2009-04-15,1935.0
2009-04-16,1933.0
2009-04-17,1909.0
2009-04-20,1947.0
2009-04-21,1916.0
2009-04-22,1867.0
2009-04-23,1863.0
2009-04-24,1848.0
2009-04-27,1816.0
2009-04-28,1815.0
2009-04-29,1887.0
2009-04-30,1887.0
2009-05-04,1949.0
2009-05-05,1953.0
2009-05-06,1974.0
2009-05-07,1981.0
2009-05-08,2019.0000000000002
2009-05-11,1990.0
2009-05-12,2024.0
2009-05-13,2043.0000000000002
2009-05-14,2009.9999999999998
2009-05-15,2013.9999999999998
2009-05-18,2025.0
2009-05-19,2048.0
2009-05-20,2020.0
2009-05-21,1969.0
2009-05-22,1968.0
2009-05-25,1975.0
2009-05-26,1943.0
2009-05-27,1990.0
2009-06-01,2077.0
2009-06-02,2073.0
2009-06-03,2155.0
2009-06-04,2169.0
2009-06-05,2161.0
2009-06-08,2181.0
2009-06-09,2197.0
2009-06-10,2214.0
2009-06-11,2203.0
2009-06-12,2162.0
2009-06-15,2219.0
2009-06-16,2204.0
2009-06-17,2233.0
2009-06-18,2281.0
2009-06-19,2312.0
2009-06-22,2316.0
2009-06-23,2326.0
2009-06-24,2332.0
2009-06-25,2330.0
2009-06-26,2336.0
2009-06-29,2392.0
2009-06-30,2379.0
2009-07-01,2442.0
2009-07-02,2482.0
2009-07-03,2511.0
2009-07-06,2550.0
2009-07-07,2513.0
2009-07-08,2497.0
2009-07-09,2531.0
2009-07-10,2515.0
2009-07-13,2468.0
2009-07-14,2551.0
2009-07-15,2576.0
2009-07-16,2598.0
2009-07-17,2611.0
2009-07-20,2661.0
2009-07-21,2621.0
2009-07-22,2681.0
2009-07-23,2716.0
2009-07-24,2745.0
2009-07-27,2809.0
2009-07-28,2795.0
2009-07-29,2663.0
2009-07-30,2752.0
2009-07-31,2819.0
2009-08-03,2838.0
2009-08-04,2812.0
2009-08-05,2763.0
2009-08-06,2700.0
2009-08-07,2637.0
2009-08-10,2618.0
2009-08-11,2619.0
2009-08-12,2493.0
2009-08-13,2532.0
2009-08-14,2476.0
2009-08-17,2339.0
2009-08-18,2348.0
2009-08-19,2240.0
2009-08-20,2344.0
2009-08-21,2373.0
2009-08-24,2376.0
2009-08-25,2270.0
2009-08-26,2305.0
2009-08-27,2285.0
2009-08-28,2206.0
2009-08-31,2045.0
2009-09-01,2089.0
2009-09-02,2135.0
2009-09-03,2247.0
2009-09-04,2247.0
2009-09-07,2259.0
2009-09-08,2307.0
2009-09-09,2310.0
2009-09-10,2286.0
2009-09-11,2361.0
2009-09-14,2385.0
2009-09-15,2385.0
2009-09-16,2342.0
2009-09-17,2387.0
2009-09-18,2300.0
2009-09-21,2301.0
2009-09-22,2242.0
2009-09-23,2213.0
2009-09-24,2241.0
2009-09-25,2237.0
2009-09-28,2175.0
2009-09-29,2188.0
2009-09-30,2213.0
2009-10-09,2325.0
2009-10-12,2304.0
2009-10-13,2345.0
2009-10-14,2358.0
2009-10-15,2372.0
2009-10-16,2370.0
2009-10-19,2429.0
2009-10-20,2460.0
2009-10-21,2457.0
2009-10-22,2435.0
2009-10-23,2483.0
2009-10-26,2489.0
2009-10-27,2418.0
2009-10-28,2411.0
2009-10-29,2352.0
2009-10-30,2379.0
2009-11-02,2468.0
2009-11-03,2492.0
2009-11-04,2506.0
2009-11-05,2512.0
2009-11-06,2518.0
2009-11-09,2525.0
2009-11-10,2533.0
2009-11-11,2517.0
2009-11-12,2509.0
2009-11-13,2530.0
2009-11-16,2608.0
2009-11-17,2608.0
2009-11-18,2606.0
2009-11-19,2607.0
2009-11-20,2584.0
2009-11-23,2596.0
2009-11-24,2531.0
2009-11-25,2568.0
2009-11-26,2461.0
2009-11-27,2395.0
2009-11-30,2471.0
2009-12-01,2493.0
2009-12-02,2516.0
2009-12-03,2500.0
2009-12-04,2594.0
2009-12-07,2596.0
2009-12-08,2550.0
2009-12-09,2496.0
2009-12-10,2513.0
2009-12-11,2513.0
2009-12-14,2558.0
2009-12-15,2525.0
2009-12-16,2512.0
2009-12-17,2468.0
2009-12-18,2430.0
2009-12-21,2415.0
2009-12-22,2367.0
2009-12-23,2374.0
2009-12-24,2435.0
2009-12-25,2408.0
2009-12-28,2451.0
2009-12-29,2475.0
2009-12-30,2542.0
2009-12-31,2559.0
2010-01-04,2512.0
2010-01-05,2544.0
2010-01-06,2512.0
2010-01-07,2462.0
2010-01-08,2462.0
2010-01-11,2473.0
2010-01-12,2505.0
2010-01-13,2394.0
2010-01-14,2416.0
2010-01-15,2422.0
2010-01-18,2415.0
2010-01-19,2431.0
2010-01-20,2356.0
2010-01-21,2376.0
2010-01-22,2377.0
2010-01-25,2355.0
2010-01-26,2309.0
2010-01-27,2262.0
2010-01-28,2250.0
2010-01-29,2244.0
2010-02-01,2208.0
2010-02-02,2216.0
2010-02-03,2282.0
2010-02-04,2265.0
2010-02-05,2219.0
2010-02-08,2212.0
2010-02-09,2228.0
2010-02-10,2263.0
2010-02-11,2268.0
2010-02-12,2287.0
2010-02-22,2271.0
2010-02-23,2230.0
2010-02-24,2252.0
2010-02-25,2287.0
2010-02-26,2280.0
2010-03-01,2318.0
2010-03-02,2311.0
2010-03-03,2321.0
2010-03-04,2269.0
2010-03-05,2273.0
2010-03-08,2290.0
2010-03-09,2306.0
2010-03-10,2296.0
2010-03-11,2304.0
2010-03-12,2278.0
2010-03-15,2239.0
2010-03-16,2259.0
2010-03-17,2306.0
2010-03-18,2294.0
2010-03-19,2314.0
2010-03-22,2315.0
2010-03-23,2289.0
2010-03-24,2291.0
2010-03-25,2257.0
2010-03-26,2296.0
2010-03-29,2366.0
2010-03-30,2370.0
2010-03-31,2350.0
2010-04-01,2373.0
2010-04-02,2375.0
2010-04-06,2374.0
2010-04-07,2359.0
2010-04-08,2321.0
2010-04-09,2342.0
2010-04-12,2314.0
2010-04-13,2362.0
2010-04-14,2371.0
2010-04-15,2365.0
2010-04-16,2330.0
2010-04-19,2210.0
2010-04-20,2202.0
2010-04-21,2233.0
2010-04-22,2182.0
2010-04-23,2168.0
2010-04-26,2150.0
2010-04-27,2111.0
2010-04-28,2105.0
2010-04-29,2098.0
2010-04-30,2131.0
2010-05-04,2102.0
2010-05-05,2107.0
2010-05-06,2009.0
2010-05-07,1986.0
2010-05-10,2013.0
2010-05-11,1974.0
2010-05-12,2009.0
2010-05-13,2047.0000000000002
2010-05-14,2025.9999999999998
2010-05-17,1935.0
2010-05-18,1977.0
2010-05-19,1966.0
2010-05-20,1932.0
2010-05-21,1952.0
2010-05-24,2016.0
2010-05-25,1963.0
2010-05-26,1964.0
2010-05-27,1994.0
2010-05-28,1983.0
2010-05-31,1940.0
2010-06-01,1921.0
2010-06-02,1918.0
2010-06-03,1907.0
2010-06-04,1906.0
2010-06-07,1867.0
2010-06-08,1859.0
2010-06-09,1921.0
2010-06-10,1890.0
2010-06-11,1897.0
2010-06-17,1896.0
2010-06-18,1880.0
2010-06-21,1948.0
2010-06-22,1945.0
2010-06-23,1926.0
2010-06-24,1937.0
2010-06-25,1931.0
2010-06-28,1932.0
2010-06-29,1853.0
2010-06-30,1835.0
2010-07-01,1823.0
2010-07-02,1837.0
2010-07-05,1819.0
2010-07-06,1849.0
2010-07-07,1850.0
2010-07-08,1855.0
2010-07-09,1897.0
2010-07-12,1908.0
2010-07-13,1879.0
2010-07-14,1891.0
2010-07-15,1861.0
2010-07-16,1858.0
2010-07-19,1902.0
2010-07-20,1936.0
2010-07-21,1936.0
2010-07-22,1959.0
2010-07-23,1971.0
2010-07-26,1974.0
2010-07-27,1962.0
2010-07-28,2017.9999999999998
2010-07-29,2021.0
2010-07-30,2016.0
2010-08-02,2049.0
2010-08-03,2005.0
2010-08-04,2012.0
2010-08-05,1983.0
2010-08-06,2013.9999999999998
2010-08-09,2016.0
2010-08-10,1966.0
2010-08-11,1968.0
2010-08-12,1945.0
2010-08-13,1961.0
2010-08-16,2004.0
2010-08-17,2013.9999999999998
2010-08-18,2005.0
2010-08-19,2025.9999999999998
2010-08-20,1998.0
2010-08-23,1993.0
2010-08-24,1990.0
2010-08-25,1949.0
2010-08-26,1944.0
2010-08-27,1948.0
2010-08-30,1974.0
2010-08-31,1955.0
2010-09-01,1948.0
2010-09-02,1967.0
2010-09-03,1959.0
2010-09-06,2009.9999999999998
2010-09-07,2004.0
2010-09-08,1988.0
2010-09-09,1951.0
2010-09-10,1947.0
2010-09-13,1956.0
2010-09-14,1956.0
2010-09-15,1923.0
2010-09-16,1893.0
2010-09-17,1891.0
2010-09-20,1897.0
2010-09-21,1898.0
2010-09-27,1914.0
2010-09-28,1897.0
2010-09-29,1903.0
2010-09-30,1948.0
2010-10-08,2025.9999999999998
2010-10-11,2101.0
2010-10-12,2126.0
2010-10-13,2160.0
2010-10-14,2189.0
2010-10-15,2278.0
2010-10-18,2264.0
2010-10-19,2307.0
2010-10-20,2306.0
2010-10-21,2268.0
2010-10-22,2256.0
2010-10-25,2324.0
2010-10-26,2294.0
2010-10-27,2246.0
2010-10-28,2247.0
2010-10-29,2214.0
2010-11-01,2268.0
2010-11-02,2256.0
2010-11-03,2251.0
2010-11-04,2279.0
2010-11-05,2303.0
2010-11-08,2311.0
2010-11-09,2278.0
2010-11-10,2244.0
2010-11-11,2273.0
2010-11-12,2150.0
2010-11-15,2141.0
2010-11-16,2020.0
2010-11-17,2001.0
2010-11-18,2024.0
2010-11-19,2027.0000000000002
2010-11-22,2005.0
2010-11-23,1964.0
2010-11-24,2005.0
2010-11-25,2035.0000000000002
2010-11-26,2013.0
2010-11-29,2007.0000000000002
2010-11-30,1977.0
2010-12-01,1978.0
2010-12-02,1993.0
2010-12-03,2001.0
2010-12-06,2027.0000000000002
2010-12-07,2037.9999999999998
2010-12-08,2013.0
2010-12-09,1992.0
2010-12-10,2015.0000000000002
2010-12-13,2070.0
2010-12-14,2063.0
2010-12-15,2050.0
2010-12-16,2031.0000000000002
2010-12-17,2027.0000000000002
2010-12-20,1993.0
2010-12-21,2044.0
2010-12-22,2015.0000000000002
2010-12-23,2012.0
2010-12-24,2007.0000000000002
2010-12-27,1972.0
2010-12-28,1948.0
2010-12-29,1948.0
2010-12-30,1937.0
2010-12-31,1968.0
2011-01-04,2009.0
2011-01-05,1993.0
2011-01-06,1980.0
2011-01-07,2000.0
2011-01-10,1973.0
2011-01-11,1994.0
2011-01-12,2009.9999999999998
2011-01-13,2008.0
2011-01-14,1976.0
2011-01-17,1912.0
2011-01-18,1920.0
2011-01-19,1948.0
2011-01-20,1893.0
2011-01-21,1918.0
2011-01-24,1905.0
2011-01-25,1907.0
2011-01-26,1923.0
2011-01-27,1943.0
2011-01-28,1938.0
2011-01-31,1956.0
2011-02-01,1964.0
2011-02-09,1936.0
2011-02-10,1969.0
2011-02-11,1968.0
2011-02-14,2041.0
2011-02-15,2037.9999999999998
2011-02-16,2043.0000000000002
2011-02-17,2040.0
2011-02-18,2023.0000000000002
2011-02-21,2041.0
2011-02-22,1986.0
2011-02-23,1986.0
2011-02-24,1993.0
2011-02-25,1997.0
2011-02-28,2009.9999999999998
2011-03-01,2024.0
2011-03-02,2031.0000000000002
2011-03-03,2041.9999999999998
2011-03-04,2074.0
2011-03-07,2114.0
2011-03-08,2111.0
2011-03-09,2109.0
2011-03-10,2064.0
2011-03-11,2037.9999999999998
2011-03-14,2041.9999999999998
2011-03-15,2008.0
2011-03-16,2039.0000000000002
2011-03-17,2013.0
2011-03-18,2025.0
2011-03-21,2025.9999999999998
2011-03-22,2045.9999999999998
2011-03-23,2072.0
2011-03-24,2056.0
2011-03-25,2089.0
2011-03-28,2092.0
2011-03-29,2086.0
2011-03-30,2091.0
2011-03-31,2074.0
2011-04-01,2117.0
2011-04-06,2163.0
2011-04-07,2162.0
2011-04-08,2175.0
2011-04-11,2164.0
2011-04-12,2151.0
2011-04-13,2190.0
2011-04-14,2176.0
2011-04-15,2189.0
2011-04-18,2188.0
2011-04-19,2140.0
2011-04-20,2133.0
2011-04-21,2148.0
2011-04-22,2142.0
2011-04-25,2116.0
2011-04-26,2109.0
2011-04-27,2103.0
2011-04-28,2108.0
2011-04-29,2103.0
2011-05-03,2102.0
2011-05-04,2041.9999999999998
2011-05-05,2037.0
2011-05-06,2025.0
2011-05-09,2023.0000000000002
2011-05-10,2044.0
2011-05-11,2037.0
2011-05-12,2008.0
2011-05-13,2031.0000000000002
2011-05-16,2005.0
2011-05-17,2021.9999999999998
2011-05-18,2041.0
2011-05-19,2033.0
2011-05-20,2039.0000000000002
2011-05-23,1981.0
2011-05-24,1982.0
2011-05-25,1961.0
2011-05-26,1965.0
2011-05-27,1968.0
2011-05-30,1970.0
2011-05-31,1998.0
2011-06-01,1990.0
2011-06-02,1951.0
2011-06-03,1966.0
2011-06-07,1973.0
2011-06-08,1971.0
2011-06-09,1942.0
2011-06-10,1947.0
2011-06-13,1941.0
2011-06-14,1966.0
2011-06-15,1953.0
2011-06-16,1930.0
2011-06-17,1917.0
2011-06-20,1909.0
2011-06-21,1925.0
2011-06-22,1924.0
2011-06-23,1956.0
2011-06-24,2001.0
2011-06-27,1997.0
2011-06-28,1997.0
2011-06-29,1964.0
2011-06-30,1998.0
2011-07-01,1995.0
2011-07-04,2048.0
2011-07-05,2039.0000000000002
2011-07-06,2025.9999999999998
2011-07-07,2017.9999999999998
2011-07-08,2027.0000000000002
2011-07-11,2021.0
2011-07-12,1980.0
2011-07-13,2009.0
2011-07-14,2016.0
2011-07-15,2021.0
2011-07-18,2013.9999999999998
2011-07-19,2000.0
2011-07-20,1995.0
2011-07-21,1973.0
2011-07-22,1976.0
2011-07-25,1923.0
2011-07-26,1927.0
2011-07-27,1931.0
2011-07-28,1913.0
2011-07-29,1925.0
2011-08-01,1926.0
2011-08-02,1909.0
2011-08-03,1907.0
2011-08-04,1908.0
2011-08-05,1868.0
2011-08-08,1809.0
2011-08-09,1817.0
2011-08-10,1829.0
2011-08-11,1854.0
2011-08-12,1848.0
2011-08-15,1889.0
2011-08-16,1875.0
2011-08-17,1868.0
2011-08-18,1835.0
2011-08-19,1820.0
2011-08-22,1803.0
2011-08-23,1835.0
2011-08-24,1821.0
2011-08-25,1892.0
2011-08-26,1888.0
2011-08-29,1851.0
2011-08-30,1846.0
2011-08-31,1855.0
2011-09-01,1853.0
2011-09-02,1834.0
2011-09-05,1804.0
2011-09-06,1795.0
2011-09-07,1827.0
2011-09-08,1815.0
2011-09-09,1814.0
2011-09-13,1797.0
2011-09-14,1800.0
2011-09-15,1793.0
2011-09-16,1797.0
2011-09-19,1766.0
2011-09-20,1773.0
2011-09-21,1822.0
2011-09-22,1769.0
2011-09-23,1755.0
2011-09-26,1704.0
2011-09-27,1727.0
2011-09-28,1710.0
2011-09-29,1707.0
2011-09-30,1703.0
2011-10-10,1686.0
2011-10-11,1689.0
2011-10-12,1755.0
2011-10-13,1760.0
2011-10-14,1761.0
2011-10-17,1775.0
2011-10-18,1723.0
2011-10-19,1724.0
2011-10-20,1687.0
2011-10-21,1692.0
2011-10-24,1743.0
2011-10-25,1768.0
2011-10-26,1780.0
2011-10-27,1787.0
2011-10-28,1824.0
2011-10-31,1805.0
2011-11-01,1811.0
2011-11-02,1843.0
2011-11-03,1833.0
2011-11-04,1848.0
2011-11-07,1823.0
2011-11-08,1826.0
2011-11-09,1838.0
2011-11-10,1798.0
2011-11-11,1795.0
2011-11-14,1829.0
2011-11-15,1819.0
2011-11-16,1769.0
2011-11-17,1762.0
2011-11-18,1735.0
2011-11-21,1735.0
2011-11-22,1735.0
2011-11-23,1717.0
2011-11-24,1718.0
2011-11-25,1704.0
2011-11-28,1710.0
2011-11-29,1728.0
2011-11-30,1676.0
2011-12-01,1727.0
2011-12-02,1717.0
2011-12-05,1709.0
2011-12-06,1704.0
2011-12-07,1717.0
2011-12-08,1716.0
2011-12-09,1708.0
2011-12-12,1696.0
2011-12-13,1662.0
2011-12-14,1653.0
2011-12-15,1613.0
2011-12-16,1641.0
2011-12-19,1637.0
2011-12-20,1638.0
2011-12-21,1617.0
2011-12-22,1620.0
2011-12-23,1632.0
2011-12-26,1616.0
2011-12-27,1606.0
2011-12-28,1607.0
2011-12-29,1609.0
2011-12-30,1629.0
2012-01-04,1610.0
2012-01-05,1611.0
2012-01-06,1621.0
2012-01-09,1677.0
2012-01-10,1721.0
2012-01-11,1711.0
2012-01-12,1717.0
2012-01-13,1700.0
2012-01-16,1677.0
2012-01-17,1757.0
2012-01-18,1729.0
2012-01-19,1768.0
2012-01-20,1794.0
2012-01-30,1762.0
2012-01-31,1758.0
2012-02-01,1728.0
2012-02-02,1777.0
2012-02-03,1785.0
2012-02-06,1782.0
2012-02-07,1746.0
2012-02-08,1799.0
2012-02-09,1792.0
2012-02-10,1793.0
2012-02-13,1782.0
2012-02-14,1772.0
2012-02-15,1787.0
2012-02-16,1775.0
2012-02-17,1780.0
2012-02-20,1784.0
2012-02-21,1793.0
2012-02-22,1808.0
2012-02-23,1812.0
2012-02-24,1841.0
2012-02-27,1844.0
2012-02-28,1855.0
2012-02-29,1836.0
2012-03-01,1834.0
2012-03-02,1856.0
2012-03-05,1844.0
2012-03-06,1809.0
2012-03-07,1790.0
2012-03-08,1810.0
2012-03-09,1823.0
2012-03-12,1808.0
2012-03-13,1825.0
2012-03-14,1792.0
2012-03-15,1777.0
2012-03-16,1790.0
2012-03-19,1791.0
2012-03-20,1766.0
2012-03-21,1771.0
2012-03-22,1774.0
2012-03-23,1759.0
2012-03-26,1763.0
2012-03-27,1763.0
2012-03-28,1725.0
2012-03-29,1704.0
2012-03-30,1719.0
2012-04-05,1745.0
2012-04-06,1749.0
2012-04-09,1735.0
2012-04-10,1747.0
2012-04-11,1745.0
2012-04-12,1783.0
2012-04-13,1789.0
2012-04-16,1780.0
2012-04-17,1760.0
2012-04-18,1800.0
2012-04-19,1799.0
2012-04-20,1826.0
2012-04-23,1812.0
2012-04-24,1819.0
2012-04-25,1828.0
2012-04-26,1833.0
2012-04-27,1835.0
2012-05-02,1877.0
2012-05-03,1877.0
2012-05-04,1886.0
2012-05-07,1877.0
2012-05-08,1872.0
2012-05-09,1842.0
2012-05-10,1841.0
2012-05-11,1829.0
2012-05-14,1814.0
2012-05-15,1811.0
2012-05-16,1775.0
2012-05-17,1803.0
2012-05-18,1778.0
2012-05-21,1786.0
2012-05-22,1813.0
2012-05-23,1803.0
2012-05-24,1793.0
2012-05-25,1777.0
2012-05-28,1803.0
2012-05-29,1829.0
2012-05-30,1817.0
2012-05-31,1808.0
2012-06-01,1812.0
2012-06-04,1767.0
2012-06-05,1767.0
2012-06-06,1772.0
2012-06-07,1766.0
2012-06-08,1749.0
2012-06-11,1768.0
2012-06-12,1757.0
2012-06-13,1783.0
2012-06-14,1773.0
2012-06-15,1790.0
2012-06-18,1791.0
2012-06-19,1783.0
2012-06-20,1786.0
2012-06-21,1757.0
2012-06-25,1723.0
2012-06-26,1729.0
2012-06-27,1723.0
2012-06-28,1713.0
2012-06-29,1735.0
2012-07-02,1732.0
2012-07-03,1737.0
2012-07-04,1738.0
2012-07-05,1724.0
2012-07-06,1741.0
2012-07-09,1699.0
2012-07-10,1697.0
2012-07-11,1703.0
2012-07-12,1712.0
2012-07-13,1716.0
2012-07-16,1693.0
2012-07-17,1701.0
2012-07-18,1696.0
2012-07-19,1706.0
2012-07-20,1693.0
2012-07-23,1664.0
2012-07-24,1666.0
2012-07-25,1662.0
2012-07-26,1660.0
2012-07-27,1667.0
2012-07-30,1664.0
2012-07-31,1670.0
2012-08-01,1679.0
2012-08-02,1673.0
2012-08-03,1678.0
2012-08-06,1692.0
2012-08-07,1692.0
2012-08-08,1698.0
2012-08-09,1708.0
2012-08-10,1702.0
2012-08-13,1671.0
2012-08-14,1667.0
2012-08-15,1646.0
2012-08-16,1643.0
2012-08-17,1643.0
2012-08-20,1630.0
2012-08-21,1634.0
2012-08-22,1625.0
2012-08-23,1632.0
2012-08-24,1625.0
2012-08-27,1593.0
2012-08-28,1605.0
2012-08-29,1590.0
2012-08-30,1592.0
2012-08-31,1592.0
2012-09-03,1597.0
2012-09-04,1584.0
2012-09-05,1573.0
2012-09-06,1587.0
2012-09-07,1661.0
2012-09-10,1660.0
2012-09-11,1647.0
2012-09-12,1648.0
2012-09-13,1637.0
2012-09-14,1652.0
2012-09-17,1623.0
2012-09-18,1605.0
2012-09-19,1606.0
2012-09-20,1580.0
2012-09-21,1584.0
2012-09-24,1590.0
2012-09-25,1591.0
2012-09-26,1579.0
2012-09-27,1621.0
2012-09-28,1652.0
2012-10-08,1635.0
2012-10-09,1666.0
2012-10-10,1663.0
2012-10-11,1655.0
2012-10-12,1655.0
2012-10-15,1650.0
2012-10-16,1651.0
2012-10-17,1656.0
2012-10-18,1678.0
2012-10-19,1677.0
2012-10-22,1683.0
2012-10-23,1666.0
2012-10-24,1663.0
2012-10-25,1651.0
2012-10-26,1619.0
2012-10-29,1607.0
2012-10-30,1611.0
2012-10-31,1625.0
2012-11-01,1655.0
2012-11-02,1664.0
2012-11-05,1660.0
2012-11-06,1655.0
2012-11-07,1655.0
2012-11-08,1629.0
2012-11-09,1627.0
2012-11-12,1636.0
2012-11-13,1577.0
2012-11-14,1583.0
2012-11-15,1564.0
2012-11-16,1550.0
2012-11-19,1548.0
2012-11-20,1540.0
2012-11-21,1561.0
2012-11-22,1556.0
2012-11-23,1566.0
2012-11-26,1562.0
2012-11-27,1553.0
2012-11-28,1542.0
2012-11-29,1536.0
2012-11-30,1544.0
2012-12-03,1533.0
2012-12-04,1547.0
2012-12-05,1599.0
2012-12-06,1599.0
2012-12-07,1633.0
2012-12-10,1650.0
2012-12-11,1644.0
2012-12-12,1657.0
2012-12-13,1638.0
2012-12-14,1725.0
2012-12-17,1736.0
2012-12-18,1741.0
2012-12-19,1740.0
2012-12-20,1748.0
2012-12-21,1735.0
2012-12-24,1747.0
2012-12-25,1793.0
2012-12-26,1799.0
2012-12-27,1786.0
2012-12-28,1814.0
2012-12-31,1854.0
2013-01-04,1867.0
2013-01-07,1876.0
2013-01-08,1853.0
2013-01-09,1848.0
2013-01-10,1849.0
2013-01-11,1817.0
2013-01-14,1886.0
2013-01-15,1893.0
2013-01-16,1871.0
2013-01-17,1852.0
2013-01-18,1882.0
2013-01-21,1892.0
2013-01-22,1893.0
2013-01-23,1901.0
2013-01-24,1895.0
2013-01-25,1885.0
2013-01-28,1949.0
2013-01-29,1975.0
2013-01-30,1981.0
2013-01-31,1987.0
2013-02-01,2048.0
2013-02-04,2055.0
2013-02-05,2059.0
2013-02-06,2072.0
2013-02-07,2045.9999999999998
2013-02-08,2035.0000000000002
2013-02-18,2011.0000000000002
2013-02-19,1978.0
2013-02-20,1973.0
2013-02-21,1893.0
2013-02-22,1880.0
2013-02-25,1888.0
2013-02-26,1862.0
2013-02-27,1885.0
2013-02-28,1952.0
2013-03-01,1944.0
2013-03-04,1841.0
2013-03-05,1913.0
2013-03-06,1932.0
2013-03-07,1899.0
2013-03-08,1900.0
2013-03-11,1879.0
2013-03-12,1853.0
2013-03-13,1834.0
2013-03-14,1839.0
2013-03-15,1845.0
2013-03-18,1812.0
2013-03-19,1830.0
2013-03-20,1903.0
2013-03-21,1901.0
2013-03-22,1903.0
2013-03-25,1901.0
2013-03-26,1860.0
2013-03-27,1865.0
2013-03-28,1788.0
2013-03-29,1788.0
2013-04-01,1783.0
2013-04-02,1786.0
2013-04-03,1788.0
2013-04-08,1770.0
2013-04-09,1787.0
2013-04-10,1788.0
2013-04-11,1787.0
2013-04-12,1776.0
2013-04-15,1762.0
2013-04-16,1770.0
2013-04-17,1761.0
2013-04-18,1766.0
2013-04-19,1826.0
2013-04-22,1823.0
2013-04-23,1763.0
2013-04-24,1790.0
2013-04-25,1777.0
2013-04-26,1765.0
2013-05-02,1765.0
2013-05-03,1796.0
2013-05-06,1813.0
2013-05-07,1817.0
2013-05-08,1822.0
2013-05-09,1808.0
2013-05-10,1819.0
2013-05-13,1809.0
2013-05-14,1785.0
2013-05-15,1786.0
2013-05-16,1819.0
2013-05-17,1843.0
2013-05-20,1861.0
2013-05-21,1852.0
2013-05-22,1856.0
2013-05-23,1823.0
2013-05-24,1829.0
2013-05-27,1825.0
2013-05-28,1871.0
2013-05-29,1861.0
2013-05-30,1855.0
2013-05-31,1840.0
2013-06-03,1844.0
2013-06-04,1826.0
2013-06-05,1813.0
2013-06-06,1794.0
2013-06-07,1770.0
2013-06-13,1725.0
2013-06-14,1726.0
2013-06-17,1711.0
2013-06-18,1722.0
2013-06-19,1707.0
2013-06-20,1653.0
2013-06-21,1650.0
2013-06-24,1545.0
2013-06-25,1550.0
2013-06-26,1529.0
2013-06-27,1535.0
2013-06-28,1580.0
2013-07-01,1575.0
2013-07-02,1568.0
2013-07-03,1554.0
2013-07-04,1566.0
2013-07-05,1574.0
2013-07-08,1545.0
2013-07-09,1541.0
2013-07-10,1584.0
2013-07-11,1684.0
2013-07-12,1632.0
2013-07-15,1648.0
2013-07-16,1648.0
2013-07-17,1627.0
2013-07-18,1593.0
2013-07-19,1555.0
2013-07-22,1557.0
2013-07-23,1600.0
2013-07-24,1580.0
2013-07-25,1579.0
2013-07-26,1570.0
2013-07-29,1532.0
2013-07-30,1549.0
2013-07-31,1551.0
2013-08-01,1588.0
2013-08-02,1586.0
2013-08-05,1603.0
2013-08-06,1605.0
2013-08-07,1598.0
2013-08-08,1595.0
2013-08-09,1604.0
2013-08-12,1663.0
2013-08-13,1670.0
2013-08-14,1663.0
2013-08-15,1646.0
2013-08-16,1646.0
2013-08-19,1657.0
2013-08-20,1646.0
2013-08-21,1639.0
2013-08-22,1634.0
2013-08-23,1618.0
2013-08-26,1655.0
2013-08-27,1653.0
2013-08-28,1647.0
2013-08-29,1641.0
2013-08-30,1645.0
2013-09-02,1648.0
2013-09-03,1668.0
2013-09-04,1670.0
2013-09-05,1665.0
2013-09-06,1683.0
2013-09-09,1772.0
2013-09-10,1799.0
2013-09-11,1803.0
2013-09-12,1833.0
2013-09-13,1811.0
2013-09-16,1797.0
2013-09-17,1757.0
2013-09-18,1759.0
2013-09-23,1769.0
2013-09-24,1731.0
2013-09-25,1717.0
2013-09-26,1689.0
2013-09-27,1695.0
2013-09-30,1697.0
2013-10-08,1717.0
2013-10-09,1723.0
2013-10-10,1694.0
2013-10-11,1725.0
2013-10-14,1718.0
2013-10-15,1710.0
2013-10-16,1689.0
2013-10-17,1681.0
2013-10-18,1693.0
2013-10-21,1714.0
2013-10-22,1694.0
2013-10-23,1693.0
2013-10-24,1674.0
2013-10-25,1663.0
2013-10-28,1665.0
2013-10-29,1686.0
2013-10-30,1708.0
2013-10-31,1685.0
2013-11-01,1700.0
2013-11-04,1693.0
2013-11-05,1687.0
2013-11-06,1669.0
2013-11-07,1664.0
2013-11-08,1639.0
2013-11-11,1641.0
2013-11-12,1663.0
2013-11-13,1621.0
2013-11-14,1622.0
2013-11-15,1600.0
2013-11-18,1675.0
2013-11-19,1656.0
2013-11-20,1660.0
2013-11-21,1644.0
2013-11-22,1639.0
2013-11-25,1630.0
2013-11-26,1627.0
2013-11-27,1643.0
2013-11-28,1659.0
2013-11-29,1656.0
2013-12-02,1675.0
2013-12-03,1676.0
2013-12-04,1696.0
2013-12-05,1690.0
2013-12-06,1672.0
2013-12-09,1666.0
2013-12-10,1668.0
2013-12-11,1639.0
2013-12-12,1629.0
2013-12-13,1627.0
2013-12-16,1603.0
2013-12-17,1595.0
2013-12-18,1599.0
2013-12-19,1581.0
2013-12-20,1543.0
2013-12-23,1542.0
2013-12-24,1540.0
2013-12-25,1546.0
2013-12-26,1527.0
2013-12-27,1549.0
2013-12-30,1548.0
2013-12-31,1571.0
2014-01-02,1558.0
2014-01-03,1535.0
2014-01-06,1513.0
2014-01-07,1512.0
2014-01-08,1513.0
2014-01-09,1503.0
2014-01-10,1497.0
2014-01-13,1491.0
2014-01-14,1495.0
2014-01-15,1487.0
2014-01-16,1490.0
2014-01-17,1473.0
2014-01-20,1465.0
2014-01-21,1474.0
2014-01-22,1513.0
2014-01-23,1499.0
2014-01-24,1499.0
2014-01-27,1478.0
2014-01-28,1486.0
2014-01-29,1492.0
2014-01-30,1475.0
2014-02-07,1472.0
2014-02-10,1501.0
2014-02-11,1526.0
2014-02-12,1522.0
2014-02-13,1527.0
2014-02-14,1530.0
2014-02-17,1534.0
2014-02-18,1506.0
2014-02-19,1529.0
2014-02-20,1518.0
2014-02-21,1502.0
2014-02-24,1467.0
2014-02-25,1440.0
2014-02-26,1440.0
2014-02-27,1451.0
2014-02-28,1461.0
2014-03-03,1458.0
2014-03-04,1459.0
2014-03-05,1444.0
2014-03-06,1456.0
2014-03-07,1452.0
2014-03-10,1408.0
2014-03-11,1410.0
2014-03-12,1414.0
2014-03-13,1434.0
2014-03-14,1422.0
2014-03-17,1434.0
2014-03-18,1425.0
2014-03-19,1419.0
2014-03-20,1408.0
2014-03-21,1463.0
2014-03-24,1476.0
2014-03-25,1465.0
2014-03-26,1463.0
2014-03-27,1464.0
2014-03-28,1471.0
2014-03-31,1464.0
2014-04-01,1469.0
2014-04-02,1488.0
2014-04-03,1475.0
2014-04-04,1488.0
2014-04-08,1532.0
2014-04-09,1528.0
2014-04-10,1567.0
2014-04-11,1561.0
2014-04-14,1552.0
2014-04-15,1522.0
2014-04-16,1522.0
2014-04-17,1516.0
2014-04-18,1515.0
2014-04-21,1489.0
2014-04-22,1505.0
2014-04-23,1505.0
2014-04-24,1509.0
2014-04-25,1500.0
2014-04-28,1483.0
2014-04-29,1493.0
2014-04-30,1492.0
2014-05-05,1483.0
2014-05-06,1481.0
2014-05-07,1473.0
2014-05-08,1476.0
2014-05-09,1476.0
2014-05-12,1503.0
2014-05-13,1496.0
2014-05-14,1498.0
2014-05-15,1484.0
2014-05-16,1481.0
2014-05-19,1457.0
2014-05-20,1455.0
2014-05-21,1469.0
2014-05-22,1466.0
2014-05-23,1480.0
2014-05-26,1482.0
2014-05-27,1478.0
2014-05-28,1488.0
2014-05-29,1482.0
2014-05-30,1477.0
2014-06-03,1473.0
2014-06-04,1464.0
2014-06-05,1481.0
2014-06-06,1469.0
2014-06-09,1472.0
2014-06-10,1490.0
2014-06-11,1484.0
2014-06-12,1481.0
2014-06-13,1500.0
2014-06-16,1516.0
2014-06-17,1502.0
2014-06-18,1496.0
2014-06-19,1478.0
2014-06-20,1485.0
2014-06-23,1480.0
2014-06-24,1489.0
2014-06-25,1482.0
2014-06-26,1490.0
2014-06-27,1486.0
2014-06-30,1497.0
2014-07-01,1493.0
2014-07-02,1501.0
2014-07-03,1505.0
2014-07-04,1510.0
2014-07-07,1511.0
2014-07-08,1508.0
2014-07-09,1492.0
2014-07-10,1491.0
2014-07-11,1498.0
2014-07-14,1511.0
2014-07-15,1513.0
2014-07-16,1512.0
2014-07-17,1507.0
2014-07-18,1516.0
2014-07-21,1515.0
2014-07-22,1533.0
2014-07-23,1545.0
2014-07-24,1580.0
2014-07-25,1596.0
2014-07-28,1647.0
2014-07-29,1650.0
2014-07-30,1642.0
2014-07-31,1666.0
2014-08-01,1649.0
2014-08-04,1685.0
2014-08-05,1672.0
2014-08-06,1658.0
2014-08-07,1633.0
2014-08-08,1637.0
2014-08-11,1659.0
2014-08-12,1647.0
2014-08-13,1651.0
2014-08-14,1637.0
2014-08-15,1653.0
2014-08-18,1654.0
2014-08-19,1649.0
2014-08-20,1645.0
2014-08-21,1629.0
2014-08-22,1635.0
2014-08-25,1620.0
2014-08-26,1617.0
2014-08-27,1615.0
2014-08-28,1612.0
2014-08-29,1623.0
2014-09-01,1626.0
2014-09-02,1649.0
2014-09-03,1667.0
2014-09-04,1679.0
2014-09-05,1699.0
2014-09-09,1685.0
2014-09-10,1671.0
2014-09-11,1666.0
2014-09-12,1675.0
2014-09-15,1669.0
2014-09-16,1644.0
2014-09-17,1648.0
2014-09-18,1652.0
2014-09-19,1665.0
2014-09-22,1628.0
2014-09-23,1640.0
2014-09-24,1672.0
2014-09-25,1661.0
2014-09-26,1662.0
2014-09-29,1667.0
2014-09-30,1666.0
2014-10-08,1676.0
2014-10-09,1677.0
2014-10-10,1664.0
2014-10-13,1653.0
2014-10-14,1643.0
2014-10-15,1660.0
2014-10-16,1655.0
2014-10-17,1650.0
2014-10-20,1655.0
2014-10-21,1646.0
2014-10-22,1644.0
2014-10-23,1632.0
2014-10-24,1629.0
2014-10-27,1604.0
2014-10-28,1629.0
2014-10-29,1651.0
2014-10-30,1663.0
2014-10-31,1705.0
2014-11-03,1695.0
2014-11-04,1690.0
2014-11-05,1685.0
2014-11-06,1682.0
2014-11-07,1687.0
2014-11-10,1735.0
2014-11-11,1757.0
2014-11-12,1776.0
2014-11-13,1775.0
2014-11-14,1774.0
2014-11-17,1709.0
2014-11-18,1684.0
2014-11-19,1675.0
2014-11-20,1678.0
2014-11-21,1720.0
2014-11-24,1759.0
2014-11-25,1774.0
2014-11-26,1816.0
2014-11-27,1851.0
2014-11-28,1912.0
2014-12-01,1918.0
2014-12-02,2023.0000000000002
2014-12-03,2033.0
2014-12-04,2179.0
2014-12-05,2196.0
2014-12-08,2312.0
2014-12-09,2169.0
2014-12-10,2239.0
2014-12-11,2182.0
2014-12-12,2182.0
2014-12-15,2184.0
2014-12-16,2281.0
2014-12-17,2356.0
2014-12-18,2338.0
2014-12-19,2368.0
2014-12-22,2405.0
2014-12-23,2353.0
2014-12-24,2256.0
2014-12-25,2344.0
2014-12-26,2452.0
2014-12-29,2459.0
2014-12-30,2492.0
2014-12-31,2552.0
2015-01-05,2622.0
2015-01-06,2592.0
2015-01-07,2588.0
2015-01-08,2518.0
2015-01-09,2524.0
2015-01-12,2500.0
2015-01-13,2485.0
2015-01-14,2494.0
2015-01-15,2586.0
2015-01-16,2604.0
2015-01-19,2344.0
2015-01-20,2361.0
2015-01-21,2503.0
2015-01-22,2499.0
2015-01-23,2524.0
2015-01-26,2519.0
2015-01-27,2478.0
2015-01-28,2442.0
2015-01-29,2400.0
2015-01-30,2367.0
2015-02-02,2299.0
2015-02-03,2367.0
2015-02-04,2334.0
2015-02-05,2316.0
2015-02-06,2291.0
2015-02-09,2331.0
2015-02-10,2369.0
2015-02-11,2380.0
2015-02-12,2384.0
2015-02-13,2390.0
2015-02-16,2394.0
2015-02-17,2411.0
2015-02-25,2370.0
2015-02-26,2450.0
2015-02-27,2438.0
2015-03-02,2441.0
2015-03-03,2364.0
2015-03-04,2362.0
2015-03-05,2334.0
2015-03-06,2339.0
2015-03-09,2397.0
2015-03-10,2359.0
2015-03-11,2374.0
2015-03-12,2448.0
2015-03-13,2455.0
2015-03-16,2510.0
2015-03-17,2543.0
2015-03-18,2611.0
2015-03-19,2587.0
2015-03-20,2635.0
2015-03-23,2676.0
2015-03-24,2638.0
2015-03-25,2604.0
2015-03-26,2643.0
2015-03-27,2649.0
2015-03-30,2740.0
2015-03-31,2707.0
2015-04-01,2753.0
2015-04-02,2739.0
2015-04-03,2773.0
2015-04-07,2842.0
2015-04-08,2898.0
2015-04-09,2877.0
2015-04-10,2936.0
2015-04-13,2991.0
2015-04-14,2999.0
2015-04-15,3011.0
2015-04-16,3145.0
2015-04-17,3185.0
2015-04-20,3103.0
2015-04-21,3141.0
2015-04-22,3241.0
2015-04-23,3212.0
2015-04-24,3171.0
2015-04-27,3255.0
2015-04-28,3228.0
2015-04-29,3220.0
2015-04-30,3198.0
2015-05-04,3211.0
2015-05-05,3096.0
2015-05-06,3083.0
2015-05-07,3045.0
2015-05-08,3055.0
2015-05-11,3110.0
2015-05-12,3129.0
2015-05-13,3084.0
2015-05-14,3073.0
2015-05-15,3006.0
2015-05-18,2946.0
2015-05-19,3066.0
2015-05-20,3066.0
2015-05-21,3104.0
2015-05-22,3199.0
2015-05-25,3303.0
2015-05-26,3320.0
2015-05-27,3285.0
2015-05-28,3079.0
2015-05-29,3066.0
2015-06-01,3198.0
2015-06-02,3209.0
2015-06-03,3191.0
2015-06-04,3259.0
2015-06-05,3254.0
2015-06-08,3427.0
2015-06-09,3361.0
2015-06-10,3320.0
2015-06-11,3300.0
2015-06-12,3313.0
2015-06-15,3216.0
2015-06-16,3148.0
2015-06-17,3175.0
2015-06-18,3042.0
2015-06-19,2874.0
2015-06-23,2976.0
2015-06-24,3018.0
2015-06-25,2919.0
2015-06-26,2686.0
2015-06-29,2660.0
2015-06-30,2851.0
2015-07-01,2728.0
2015-07-02,2684.0
2015-07-03,2579.0
2015-07-06,2742.0
2015-07-07,2790.0
2015-07-08,2604.0
2015-07-09,2792.0
2015-07-10,2905.0
2015-07-13,2862.0
2015-07-14,2762.0
2015-07-15,2749.0
2015-07-16,2740.0
2015-07-17,2803.0
2015-07-20,2777.0
2015-07-21,2768.0
2015-07-22,2737.0
2015-07-23,2794.0
2015-07-24,2745.0
2015-07-27,2494.0
2015-07-28,2484.0
2015-07-29,2534.0
2015-07-30,2469.0
2015-07-31,2462.0
2015-08-03,2478.0
2015-08-04,2540.0
2015-08-05,2491.0
2015-08-06,2471.0
2015-08-07,2504.0
2015-08-10,2616.0
2015-08-11,2590.0
2015-08-12,2564.0
2015-08-13,2576.0
2015-08-14,2575.0
2015-08-17,2548.0
2015-08-18,2410.0
2015-08-19,2427.0
2015-08-20,2361.0
2015-08-21,2274.0
2015-08-24,2047.0000000000002
2015-08-25,1886.0
2015-08-26,1946.0
2015-08-27,2110.0
2015-08-28,2168.0
2015-08-31,2209.0
2015-09-01,2228.0
2015-09-02,2236.0
2015-09-07,2140.0
2015-09-08,2177.0
2015-09-09,2209.0
2015-09-10,2206.0
2015-09-11,2193.0
2015-09-14,2223.0
2015-09-15,2167.0
2015-09-16,2242.0
2015-09-17,2198.0
2015-09-18,2198.0
2015-09-21,2212.0
2015-09-22,2237.0
2015-09-23,2180.0
2015-09-24,2187.0
2015-09-25,2171.0
2015-09-28,2174.0
2015-09-29,2127.0
2015-09-30,2147.0
2015-10-08,2196.0
2015-10-09,2221.0
2015-10-12,2288.0
2015-10-13,2279.0
2015-10-14,2258.0
2015-10-15,2304.0
2015-10-16,2322.0
2015-10-19,2320.0
2015-10-20,2341.0
2015-10-21,2320.0
2015-10-22,2333.0
2015-10-23,2350.0
2015-10-26,2350.0
2015-10-27,2348.0
2015-10-28,2308.0
2015-10-29,2311.0
2015-10-30,2310.0
2015-11-02,2283.0
2015-11-03,2272.0
2015-11-04,2386.0
2015-11-05,2445.0
2015-11-06,2499.0
2015-11-09,2532.0
2015-11-10,2521.0
2015-11-11,2504.0
2015-11-12,2470.0
2015-11-13,2444.0
2015-11-16,2449.0
2015-11-17,2450.0
2015-11-18,2438.0
2015-11-19,2471.0
2015-11-20,2459.0
2015-11-23,2450.0
2015-11-24,2444.0
2015-11-25,2454.0
2015-11-26,2447.0
2015-11-27,2318.0
2015-11-30,2329.0
2015-12-01,2339.0
2015-12-02,2462.0
2015-12-03,2460.0
2015-12-04,2398.0
2015-12-07,2390.0
2015-12-08,2366.0
2015-12-09,2369.0
2015-12-10,2355.0
2015-12-11,2344.0
2015-12-14,2415.0
2015-12-15,2382.0
2015-12-16,2372.0
2015-12-17,2401.0
2015-12-18,2422.0
2015-12-21,2499.0
2015-12-22,2490.0
2015-12-23,2499.0
2015-12-24,2478.0
2015-12-25,2486.0
2015-12-28,2412.0
2015-12-29,2432.0
2015-12-30,2424.0
2015-12-31,2416.0
2016-01-04,2278.0
2016-01-05,2286.0
2016-01-06,2317.0
2016-01-07,2177.0
2016-01-08,2219.0
2016-01-11,2125.0
2016-01-12,2131.0
2016-01-13,2112.0
2016-01-14,2131.0
2016-01-15,2070.0
2016-01-18,2070.0
2016-01-19,2130.0
2016-01-20,2091.0
2016-01-21,2043.0000000000002
2016-01-22,2067.0
2016-01-25,2065.0
2016-01-26,1958.0
2016-01-27,1957.0
2016-01-28,1915.0
2016-01-29,1975.0
2016-02-01,1942.0
2016-02-02,1975.0
2016-02-03,1953.0
2016-02-04,1978.0
2016-02-05,1968.0
2016-02-15,1949.0
2016-02-16,2001.0
2016-02-17,2013.0
2016-02-18,2011.0000000000002
2016-02-19,2005.9999999999998
2016-02-22,2054.0
2016-02-23,2029.9999999999998
2016-02-24,2039.0000000000002
2016-02-25,1936.0
2016-02-26,1956.0
2016-02-29,1937.0
2016-03-01,1971.0
2016-03-02,2049.0
2016-03-03,2053.0
2016-03-04,2122.0
2016-03-07,2111.0
2016-03-08,2115.0
2016-03-09,2107.0
2016-03-10,2059.0
2016-03-11,2066.0
2016-03-14,2076.0
2016-03-15,2098.0
2016-03-16,2135.0
2016-03-17,2132.0
2016-03-18,2140.0
2016-03-21,2192.0
2016-03-22,2169.0
2016-03-23,2171.0
2016-03-24,2140.0
2016-03-25,2145.0
2016-03-28,2121.0
2016-03-29,2104.0
2016-03-30,2158.0
2016-03-31,2156.0
2016-04-01,2165.0
2016-04-05,2175.0
2016-04-06,2165.0
2016-04-07,2139.0
2016-04-08,2124.0
2016-04-11,2144.0
2016-04-12,2142.0
2016-04-13,2168.0
2016-04-14,2174.0
2016-04-15,2178.0
2016-04-18,2154.0
2016-04-19,2161.0
2016-04-20,2148.0
2016-04-21,2146.0
2016-04-22,2156.0
2016-04-25,2145.0
2016-04-26,2152.0
2016-04-27,2144.0
2016-04-28,2142.0
2016-04-29,2135.0
2016-05-03,2159.0
2016-05-04,2153.0
2016-05-05,2151.0
