2007-01-30,1240.4400000000001
2007-01-31,1246.675
2007-02-01,1252.2550000000001
2007-02-02,1257.72
2007-02-05,1262.7
2007-02-06,1267.4549999999999
2007-02-07,1272.585
2007-02-08,1277.8299999999999
2007-02-09,1283.1199999999999
2007-02-12,1288.27
2007-02-13,1293.8499999999999
2007-02-14,1299.5799999999999
2007-02-15,1305.5450000000001
2007-02-16,1311.8299999999999
2007-02-26,1318.1800000000001
2007-02-27,1324.4400000000001
2007-02-28,1329.7249999999999
2007-03-01,1335.135
2007-03-02,1340.085
2007-03-05,1345.0699999999999
2007-03-06,1349.79
2007-03-07,1354.8299999999999
2007-03-08,1359.9449999999999
2007-03-09,1364.8150000000001
2007-03-12,1369.8499999999999
2007-03-13,1374.8199999999999
2007-03-14,1379.845
2007-03-15,1384.675
2007-03-16,1389.71
2007-03-19,1394.76
2007-03-20,1400.1900000000001
2007-03-21,1405.5999999999999
2007-03-22,1411.0150000000001
2007-03-23,1416.375
2007-03-26,1421.6849999999999
2007-03-27,1427.1700000000001
2007-03-28,1432.53
2007-03-29,1438.0999999999999
2007-03-30,1443.8499999999999
2007-04-02,1449.5350000000001
2007-04-03,1455.72
2007-04-04,1461.9849999999999
2007-04-05,1468.3900000000001
2007-04-06,1474.825
2007-04-09,1481.3
2007-04-10,1488.0650000000001
2007-04-11,1494.9349999999999
2007-04-12,1501.8599999999999
2007-04-13,1508.9349999999999
2007-04-16,1515.8499999999999
2007-04-17,1523.125
2007-04-18,1530.3599999999999
2007-04-19,1537.4749999999999
2007-04-20,1543.95
2007-04-23,1550.8800000000001
2007-04-24,1558.355
2007-04-25,1565.71
2007-04-26,1573.22
2007-04-27,1580.6949999999999
2007-04-30,1588.1199999999999
2007-05-08,1595.8800000000001
2007-05-09,1603.9949999999999
2007-05-10,1612.28
2007-05-11,1620.6949999999999
2007-05-14,1628.9849999999999
2007-05-15,1637.4300000000001
2007-05-16,1645.605
2007-05-17,1653.99
2007-05-18,1662.5450000000001
2007-05-21,1671.0150000000001
2007-05-22,1679.6300000000001
2007-05-23,1688.3499999999999
2007-05-24,1697.1949999999999
2007-05-25,1705.905
2007-05-28,1714.75
2007-05-29,1723.8800000000001
2007-05-30,1733.3199999999999
2007-05-31,1741.605
2007-06-01,1750.74
2007-06-04,1759.8199999999999
2007-06-05,1768.1300000000001
2007-06-06,1776.5150000000001
2007-06-07,1784.9300000000001
2007-06-08,1793.835
2007-06-11,1802.72
2007-06-12,1811.8299999999999
2007-06-13,1821.1949999999999
2007-06-14,1830.99
2007-06-15,1840.6700000000001
2007-06-18,1850.4000000000001
2007-06-19,1860.5599999999999
2007-06-20,1870.6949999999999
2007-06-21,1880.5999999999999
2007-06-22,1890.625
2007-06-25,1900.2950000000001
2007-06-26,1909.605
2007-06-27,1919.0050000000001
2007-06-28,1928.875
2007-06-29,1938.2550000000001
2007-07-02,1947.3050000000001
2007-07-03,1956.54
2007-07-04,1965.855
2007-07-05,1974.9000000000001
2007-07-06,1983.365
2007-07-09,1992.145
2007-07-10,2001.345
2007-07-11,2010.5250000000001
2007-07-12,2019.7
2007-07-13,2029.0350000000001
2007-07-16,2038.3199999999999
2007-07-17,2047.0999999999999
2007-07-18,2056.3049999999998
2007-07-19,2065.4450000000002
2007-07-20,2074.4400000000001
2007-07-23,2084.2199999999998
2007-07-24,2094.585
2007-07-25,2104.8800000000001
2007-07-26,2115.6550000000002
2007-07-27,2126.4050000000002
2007-07-30,2137.0549999999998
2007-07-31,2148.1100000000001
2007-08-01,2159.21
2007-08-02,2169.71
2007-08-03,2180.4850000000001
2007-08-06,2192.0300000000002
2007-08-07,2203.8299999999999
2007-08-08,2215.6950000000002
2007-08-09,2227.4499999999998
2007-08-10,2239.8850000000002
2007-08-13,2252.3249999999998
2007-08-14,2264.7449999999999
2007-08-15,2277.3299999999999
2007-08-16,2289.9650000000001
2007-08-17,2302.3049999999998
2007-08-20,2314.105
2007-08-21,2327.0500000000002
2007-08-22,2340.0599999999999
2007-08-23,2353.4050000000002
2007-08-24,2366.9250000000002
2007-08-27,2380.8899999999999
2007-08-28,2394.8400000000001
2007-08-29,2408.8099999999999
2007-08-30,2422.4250000000002
2007-08-31,2436.0999999999999
2007-09-03,2449.8850000000002
2007-09-04,2464.2449999999999
2007-09-05,2478.1149999999998
2007-09-06,2491.9899999999998
2007-09-07,2506.1900000000001
2007-09-10,2519.9899999999998
2007-09-11,2533.875
2007-09-12,2547.1350000000002
2007-09-13,2560.3299999999999
2007-09-14,2573.79
2007-09-17,2587.2849999999999
2007-09-18,2601.2600000000002
2007-09-19,2615.0149999999999
2007-09-20,2628.5500000000002
2007-09-21,2642.3649999999998
2007-09-24,2656.04
2007-09-25,2669.835
2007-09-26,2683.3000000000002
2007-09-27,2696.4400000000001
2007-09-28,2709.5500000000002
2007-10-08,2723.3299999999999
2007-10-09,2737.3899999999999
2007-10-10,2751.4699999999998
2007-10-11,2766.04
2007-10-12,2780.8150000000001
2007-10-15,2795.4650000000001
2007-10-16,2810.8000000000002
2007-10-17,2826.0599999999999
2007-10-18,2840.9200000000001
2007-10-19,2854.7800000000002
2007-10-22,2868.4450000000002
2007-10-23,2881.5149999999999
2007-10-24,2895.23
2007-10-25,2909.3099999999999
2007-10-26,2922.375
2007-10-29,2935.7350000000001
2007-10-30,2949.2449999999999
2007-10-31,2962.96
2007-11-01,2976.2449999999999
2007-11-02,2989.2750000000001
2007-11-05,3001.9499999999998
2007-11-06,3013.9450000000002
2007-11-07,3025.4450000000002
2007-11-08,3036.9549999999999
2007-11-09,3047.6350000000002
2007-11-12,3058.4450000000002
2007-11-13,3068.6199999999999
2007-11-14,3078.52
2007-11-15,3089.5100000000002
2007-11-16,3100.125
2007-11-19,3110.1399999999999
2007-11-20,3119.645
2007-11-21,3129.1999999999998
2007-11-22,3138.4499999999998
2007-11-23,3147.1199999999999
2007-11-26,3155.6750000000002
2007-11-27,3163.5949999999998
2007-11-28,3171.5799999999999
2007-11-29,3180.0149999999999
2007-11-30,3189.4549999999999
2007-12-03,3198.895
2007-12-04,3208.7550000000001
2007-12-05,3218.4749999999999
2007-12-06,3228.54
2007-12-07,3238.4400000000001
2007-12-10,3248.8400000000001
2007-12-11,3259.0700000000002
2007-12-12,3269.0650000000001
2007-12-13,3278.3049999999998
2007-12-14,3286.54
2007-12-17,3295.1900000000001
2007-12-18,3303.3099999999999
2007-12-19,3312.2550000000001
2007-12-20,3321.3899999999999
2007-12-21,3331.1849999999999
2007-12-24,3341.105
2007-12-25,3351.5549999999998
2007-12-26,3361.71
2007-12-27,3371.7199999999998
2007-12-28,3382.0749999999998
2008-01-02,3392.2750000000001
2008-01-03,3402.4749999999999
2008-01-04,3412.7049999999999
2008-01-07,3423.3850000000002
2008-01-08,3434.1149999999998
2008-01-09,3445.0749999999998
2008-01-10,3455.9549999999999
2008-01-11,3466.9349999999999
2008-01-14,3478.0799999999999
2008-01-15,3489.3649999999998
2008-01-16,3500.335
2008-01-17,3510.4749999999999
2008-01-18,3520.1799999999998
2008-01-21,3529.75
2008-01-22,3538.2249999999999
2008-01-23,3545.4200000000001
2008-01-24,3553.0949999999998
2008-01-25,3560.5599999999999
2008-01-28,3568.2550000000001
2008-01-29,3574.6199999999999
2008-01-30,3581.0300000000002
2008-01-31,3586.7649999999999
2008-02-01,3592.1900000000001
2008-02-04,3597.3899999999999
2008-02-05,3604.1550000000002
2008-02-13,3610.6849999999999
2008-02-14,3616.3899999999999
2008-02-15,3622.3400000000001
2008-02-18,3628.0300000000002
2008-02-19,3634.5450000000001
2008-02-20,3641.02
2008-02-21,3646.4299999999998
2008-02-22,3651.6100000000001
2008-02-25,3655.9200000000001
2008-02-26,3659.5599999999999
2008-02-27,3663.4299999999998
2008-02-28,3667.52
2008-02-29,3671.0500000000002
2008-03-03,3674.6300000000001
2008-03-04,3678.48
2008-03-05,3681.835
2008-03-06,3684.8449999999998
2008-03-07,3688.5349999999999
2008-03-10,3691.8000000000002
2008-03-11,3694.23
2008-03-12,3696.7600000000002
2008-03-13,3698.8299999999999
2008-03-14,3700.4099999999999
2008-03-17,3701.6999999999998
2008-03-18,3702.6849999999999
2008-03-19,3702.9000000000001
2008-03-20,3703.2399999999998
2008-03-21,3703.5999999999999
2008-03-24,3705.1999999999998
2008-03-25,3705.375
2008-03-26,3705.6999999999998
2008-03-27,3706.915
2008-03-28,3707.4349999999999
2008-03-31,3708.6900000000001
2008-04-01,3709.0749999999998
2008-04-02,3708.8850000000002
2008-04-03,3708.5749999999998
2008-04-07,3708.3600000000001
2008-04-08,3708.3099999999999
2008-04-09,3708.4099999999999
2008-04-10,3707.71
2008-04-11,3706.6750000000002
2008-04-14,3705.7550000000001
2008-04-15,3704.23
2008-04-16,3702.6900000000001
2008-04-17,3701.1599999999999
2008-04-18,3699.605
2008-04-21,3697.5999999999999
2008-04-22,3695.2849999999999
2008-04-23,3693.5300000000002
2008-04-24,3692.665
2008-04-25,3692.9899999999998
2008-04-28,3693.2150000000001
2008-04-29,3693.4099999999999
2008-04-30,3694.2800000000002
2008-05-05,3695.6500000000001
2008-05-06,3696.6750000000002
2008-05-07,3697.54
2008-05-08,3697.7750000000001
2008-05-09,3698.105
2008-05-12,3698.1199999999999
2008-05-13,3698.6849999999999
2008-05-14,3698.5949999999998
2008-05-15,3698.875
2008-05-16,3699.125
2008-05-19,3698.6300000000001
2008-05-20,3697.4400000000001
2008-05-21,3695.605
2008-05-22,3693.605
2008-05-23,3691.4250000000002
2008-05-26,3689.4299999999998
2008-05-27,3686.5450000000001
2008-05-28,3683.5549999999998
2008-05-29,3681.4699999999998
2008-05-30,3678.6350000000002
2008-06-02,3675.1700000000001
2008-06-03,3671.5300000000002
2008-06-04,3667.7849999999999
2008-06-05,3663.8699999999999
2008-06-06,3659.2150000000001
2008-06-10,3654.5300000000002
2008-06-11,3648.5949999999998
2008-06-12,3642.3699999999999
2008-06-13,3635.8049999999998
2008-06-16,3629.4349999999999
2008-06-17,3623.5100000000002
2008-06-18,3616.145
2008-06-19,3609.0900000000001
2008-06-20,3600.9899999999998
2008-06-23,3593.0549999999998
2008-06-24,3584.27
2008-06-25,3575.5949999999998
2008-06-26,3567.3000000000002
2008-06-27,3559.2399999999998
2008-06-30,3550.4200000000001
2008-07-01,3541.2800000000002
2008-07-02,3531.2199999999998
2008-07-03,3521.4549999999999
2008-07-04,3511.8400000000001
2008-07-07,3501.9099999999999
2008-07-08,3492.9250000000002
2008-07-09,3483.6849999999999
2008-07-10,3475.7550000000001
2008-07-11,3467.605
2008-07-14,3458.9250000000002
2008-07-15,3450.2350000000001
2008-07-16,3440.4899999999998
2008-07-17,3430.5749999999998
2008-07-18,3420.835
2008-07-21,3411.335
2008-07-22,3402.3699999999999
2008-07-23,3393.1199999999999
2008-07-24,3383.9699999999998
2008-07-25,3375.5349999999999
2008-07-28,3366.7049999999999
2008-07-29,3357.2399999999998
2008-07-30,3347.2649999999999
2008-07-31,3337.1700000000001
2008-08-01,3326.5949999999998
2008-08-04,3315.585
2008-08-05,3304.4200000000001
2008-08-06,3292.4349999999999
2008-08-07,3280.5250000000001
2008-08-08,3268.895
2008-08-11,3257.5549999999998
2008-08-12,3246.02
2008-08-13,3234.9000000000001
2008-08-14,3223.1950000000002
2008-08-15,3211.2350000000001
2008-08-18,3200.1700000000001
2008-08-19,3188.3049999999998
2008-08-20,3176.1149999999998
2008-08-21,3164.5
2008-08-22,3152.52
2008-08-25,3140.5300000000002
2008-08-26,3129.0799999999999
2008-08-27,3117.8499999999999
2008-08-28,3106.77
2008-08-29,3095.6550000000002
2008-09-01,3085.6750000000002
2008-09-02,3075.5549999999998
2008-09-03,3065.5349999999999
2008-09-04,3055.4549999999999
2008-09-05,3044.4650000000001
2008-09-08,3033.6199999999999
2008-09-09,3022.9250000000002
2008-09-10,3012.3649999999998
2008-09-11,3001.5799999999999
2008-09-12,2990.6350000000002
2008-09-16,2980.4850000000001
2008-09-17,2969.4200000000001
2008-09-18,2958.5050000000001
2008-09-19,2947.48
2008-09-22,2937.5
2008-09-23,2927.4299999999998
2008-09-24,2917.2150000000001
2008-09-25,2906.9250000000002
2008-09-26,2896.835
2008-10-06,2886.165
2008-10-07,2875.0500000000002
2008-10-08,2863.4050000000002
2008-10-09,2851.085
2008-10-10,2838.835
2008-10-13,2826.6799999999998
2008-10-14,2815.6700000000001
2008-10-15,2804.02
2008-10-16,2792.7350000000001
2008-10-17,2781.1999999999998
2008-10-20,2769.2600000000002
2008-10-21,2757.2249999999999
2008-10-22,2744.8049999999998
2008-10-23,2731.8850000000002
2008-10-24,2718.9450000000002
2008-10-27,2705.6500000000001
2008-10-28,2691.3449999999998
2008-10-29,2677.5349999999999
2008-10-30,2663.5650000000001
2008-10-31,2649.7399999999998
2008-11-03,2635.52
2008-11-04,2621.0549999999998
2008-11-05,2606.5
2008-11-06,2591.9349999999999
2008-11-07,2577.0799999999999
2008-11-10,2562.0650000000001
2008-11-11,2547.5250000000001
2008-11-12,2533.1300000000001
2008-11-13,2519.48
2008-11-14,2506.4949999999999
2008-11-17,2493.6149999999998
2008-11-18,2481.7800000000002
2008-11-19,2470.7649999999999
2008-11-20,2459.2150000000001
2008-11-21,2447.54
2008-11-24,2435.5599999999999
2008-11-25,2424.5749999999998
2008-11-26,2413.5
2008-11-27,2402.8499999999999
2008-11-28,2392.5300000000002
2008-12-01,2382.0100000000002
2008-12-02,2369.8150000000001
2008-12-03,2357.9650000000001
2008-12-04,2346.9299999999998
2008-12-05,2335.8400000000001
2008-12-08,2325.1750000000002
2008-12-09,2314.5149999999999
2008-12-10,2303.2150000000001
2008-12-11,2292.6700000000001
2008-12-12,2282.1599999999999
2008-12-15,2272.0500000000002
2008-12-16,2262.5599999999999
2008-12-17,2252.9899999999998
2008-12-18,2242.9949999999999
2008-12-19,2233.3000000000002
2008-12-22,2223.4349999999999
2008-12-23,2213.0300000000002
2008-12-24,2202.9050000000002
2008-12-25,2192.8449999999998
2008-12-26,2182.5500000000002
2008-12-29,2172.4349999999999
2008-12-30,2162.9200000000001
2008-12-31,2153.3150000000001
2009-01-05,2144.105
2009-01-06,2135.5100000000002
2009-01-07,2127.2199999999998
2009-01-08,2119.3249999999998
2009-01-09,2111.8000000000002
2009-01-12,2103.9699999999998
2009-01-13,2095.8099999999999
2009-01-14,2087.5100000000002
2009-01-15,2080.2399999999998
2009-01-16,2072.855
2009-01-19,2065.5999999999999
2009-01-20,2059.04
2009-01-21,2051.8400000000001
2009-01-22,2045.0650000000001
2009-01-23,2038.8800000000001
2009-02-02,2032.53
2009-02-03,2025.77
2009-02-04,2018.6199999999999
2009-02-05,2011.74
2009-02-06,2005.52
2009-02-09,1999.4949999999999
2009-02-10,1993.5450000000001
2009-02-11,1988.4400000000001
2009-02-12,1983.24
2009-02-13,1978.2149999999999
2009-02-16,1973.8699999999999
2009-02-17,1970.135
2009-02-18,1966.0
2009-02-19,1961.29
2009-02-20,1956.0
2009-02-23,1949.4449999999999
2009-02-24,1943.1099999999999
2009-02-25,1936.6949999999999
2009-02-26,1930.2049999999999
2009-02-27,1922.615
2009-03-02,1914.8099999999999
2009-03-03,1907.2550000000001
2009-03-04,1900.2049999999999
2009-03-05,1893.46
2009-03-06,1887.0999999999999
2009-03-09,1880.615
2009-03-10,1874.085
2009-03-11,1867.22
2009-03-12,1860.365
2009-03-13,1853.5350000000001
2009-03-16,1846.8199999999999
2009-03-17,1840.9300000000001
2009-03-18,1835.04
2009-03-19,1829.355
2009-03-20,1823.79
2009-03-23,1818.625
2009-03-24,1813.635
2009-03-25,1808.3099999999999
2009-03-26,1803.165
2009-03-27,1798.22
2009-03-30,1793.2249999999999
2009-03-31,1788.2449999999999
2009-04-01,1783.6300000000001
2009-04-02,1779.2550000000001
2009-04-03,1775.075
2009-04-07,1772.1099999999999
2009-04-08,1769.2750000000001
2009-04-09,1766.325
2009-04-10,1763.71
2009-04-13,1761.3199999999999
2009-04-14,1759.425
2009-04-15,1757.095
2009-04-16,1755.52
2009-04-17,1753.5350000000001
2009-04-20,1751.7349999999999
2009-04-21,1749.9400000000001
2009-04-22,1747.615
2009-04-23,1745.0599999999999
2009-04-24,1743.095
2009-04-27,1741.175
2009-04-28,1739.54
2009-04-29,1737.95
2009-04-30,1736.585
2009-05-04,1735.3199999999999
2009-05-05,1733.75
2009-05-06,1732.2049999999999
2009-05-07,1730.2349999999999
2009-05-08,1728.46
2009-05-11,1726.9549999999999
2009-05-12,1725.25
2009-05-13,1724.24
2009-05-14,1723.6700000000001
2009-05-15,1723.01
2009-05-18,1721.8900000000001
2009-05-19,1720.5050000000001
2009-05-20,1719.3
2009-05-21,1718.0050000000001
2009-05-22,1716.04
2009-05-25,1714.1949999999999
2009-05-26,1712.3199999999999
2009-05-27,1710.5350000000001
2009-06-01,1709.01
2009-06-02,1708.21
2009-06-03,1707.21
2009-06-04,1706.865
2009-06-05,1706.76
2009-06-08,1706.48
2009-06-09,1706.2850000000001
2009-06-10,1706.71
2009-06-11,1707.575
2009-06-12,1708.4349999999999
2009-06-15,1709.1500000000001
2009-06-16,1710.1849999999999
2009-06-17,1711.0699999999999
2009-06-18,1712.5599999999999
2009-06-19,1714.1949999999999
2009-06-22,1715.1600000000001
2009-06-23,1716.4949999999999
2009-06-24,1718.0799999999999
2009-06-25,1719.635
2009-06-26,1721.375
2009-06-29,1723.115
2009-06-30,1725.0599999999999
2009-07-01,1726.7650000000001
2009-07-02,1729.0999999999999
2009-07-03,1731.77
2009-07-06,1734.7850000000001
2009-07-07,1737.9849999999999
2009-07-08,1741.25
2009-07-09,1744.575
2009-07-10,1748.02
2009-07-13,1751.4000000000001
2009-07-14,1754.885
2009-07-15,1758.77
2009-07-16,1763.405
2009-07-17,1768.3900000000001
2009-07-20,1773.5999999999999
2009-07-21,1778.2750000000001
2009-07-22,1781.885
2009-07-23,1786.405
2009-07-24,1790.9949999999999
2009-07-27,1795.3599999999999
2009-07-28,1800.075
2009-07-29,1805.24
2009-07-30,1809.9000000000001
2009-07-31,1815.4100000000001
2009-08-03,1821.335
2009-08-04,1827.665
2009-08-05,1833.4100000000001
2009-08-06,1839.165
2009-08-07,1844.7550000000001
2009-08-10,1850.425
2009-08-11,1855.95
2009-08-12,1861.2049999999999
2009-08-13,1865.9549999999999
2009-08-14,1871.105
2009-08-17,1876.0150000000001
2009-08-18,1880.48
2009-08-19,1885.605
2009-08-20,1889.8599999999999
2009-08-21,1894.845
2009-08-24,1899.7550000000001
2009-08-25,1904.8399999999999
2009-08-26,1909.3900000000001
2009-08-27,1914.1400000000001
2009-08-28,1918.49
2009-08-31,1922.6600000000001
2009-09-01,1925.8900000000001
2009-09-02,1928.6900000000001
2009-09-03,1931.9100000000001
2009-09-04,1935.6199999999999
2009-09-07,1939.085
2009-09-08,1942.4349999999999
2009-09-09,1945.96
2009-09-10,1950.0350000000001
2009-09-11,1953.79
2009-09-14,1958.145
2009-09-15,1962.645
2009-09-16,1967.45
2009-09-17,1972.0599999999999
2009-09-18,1976.885
2009-09-21,1981.145
2009-09-22,1985.665
2009-09-23,1989.8150000000001
2009-09-24,1993.845
2009-09-25,1997.6700000000001
2009-09-28,2001.3399999999999
2009-09-29,2004.615
2009-09-30,2007.6400000000001
2009-10-09,2011.0150000000001
2009-10-12,2014.7149999999999
2009-10-13,2018.52
2009-10-14,2022.855
2009-10-15,2027.2149999999999
2009-10-16,2031.5999999999999
2009-10-19,2035.98
2009-10-20,2040.4749999999999
2009-10-21,2045.135
2009-10-22,2049.9250000000002
2009-10-23,2054.9299999999998
2009-10-26,2060.29
2009-10-27,2065.7399999999998
2009-10-28,2070.8400000000001
2009-10-29,2075.9400000000001
2009-10-30,2080.835
2009-11-02,2085.9050000000002
2009-11-03,2091.1599999999999
2009-11-04,2096.335
2009-11-05,2101.625
2009-11-06,2107.1500000000001
2009-11-09,2112.5999999999999
2009-11-10,2118.125
2009-11-11,2123.8049999999998
2009-11-12,2129.0900000000001
2009-11-13,2134.4000000000001
2009-11-16,2139.605
2009-11-17,2145.105
2009-11-18,2150.5549999999998
2009-11-19,2156.0300000000002
2009-11-20,2161.4349999999999
2009-11-23,2166.7649999999999
2009-11-24,2172.145
2009-11-25,2177.0050000000001
2009-11-26,2181.8150000000001
2009-11-27,2186.1199999999999
2009-11-30,2189.7550000000001
2009-12-01,2193.6500000000001
2009-12-02,2197.6300000000001
2009-12-03,2201.71
2009-12-04,2205.835
2009-12-07,2210.1199999999999
2009-12-08,2214.1399999999999
2009-12-09,2218.1500000000001
2009-12-10,2222.29
2009-12-11,2226.5549999999998
2009-12-14,2230.7249999999999
2009-12-15,2234.9250000000002
2009-12-16,2239.4050000000002
2009-12-17,2243.7399999999998
2009-12-18,2248.1149999999998
2009-12-21,2252.395
2009-12-22,2256.5900000000001
2009-12-23,2260.6599999999999
2009-12-24,2264.1750000000002
2009-12-25,2267.9050000000002
2009-12-28,2271.5650000000001
2009-12-29,2275.7249999999999
2009-12-30,2279.895
2009-12-31,2284.4749999999999
2010-01-04,2289.1500000000001
2010-01-05,2293.605
2010-01-06,2298.0349999999999
2010-01-07,2302.0500000000002
2010-01-08,2305.8400000000001
2010-01-11,2309.4899999999998
2010-01-12,2313.2249999999999
2010-01-13,2316.9200000000001
2010-01-14,2320.02
2010-01-15,2323.375
2010-01-18,2326.395
2010-01-19,2329.355
2010-01-20,2332.4349999999999
2010-01-21,2335.0599999999999
2010-01-22,2337.6900000000001
2010-01-25,2340.1950000000002
2010-01-26,2342.5250000000001
2010-01-27,2344.5999999999999
2010-01-28,2346.8299999999999
2010-01-29,2348.8600000000001
2010-02-01,2350.625
2010-02-02,2351.9749999999999
2010-02-03,2353.3449999999998
2010-02-04,2355.0799999999999
2010-02-05,2356.7399999999998
2010-02-08,2358.29
2010-02-09,2359.6149999999998
2010-02-10,2361.1750000000002
2010-02-11,2363.1550000000002
2010-02-12,2365.1799999999998
2010-02-22,2367.375
2010-02-23,2369.6500000000001
2010-02-24,2371.7249999999999
2010-02-25,2373.5500000000002
2010-02-26,2375.5500000000002
2010-03-01,2377.2049999999999
2010-03-02,2379.0300000000002
2010-03-03,2380.7150000000001
2010-03-04,2382.415
2010-03-05,2383.665
2010-03-08,2385.0799999999999
2010-03-09,2386.4099999999999
2010-03-10,2387.7249999999999
2010-03-11,2389.1550000000002
2010-03-12,2390.605
2010-03-15,2391.8699999999999
2010-03-16,2392.8249999999998
2010-03-17,2394.02
2010-03-18,2395.7049999999999
2010-03-19,2397.335
2010-03-22,2399.0300000000002
2010-03-23,2400.8899999999999
2010-03-24,2402.3850000000002
2010-03-25,2403.4549999999999
2010-03-26,2404.375
2010-03-29,2405.0799999999999
2010-03-30,2406.0650000000001
2010-03-31,2407.1100000000001
2010-04-01,2407.9549999999999
2010-04-02,2408.835
2010-04-06,2409.6399999999999
2010-04-07,2410.4949999999999
2010-04-08,2411.48
2010-04-09,2411.9899999999998
2010-04-12,2412.6799999999998
2010-04-13,2413.085
2010-04-14,2413.4899999999998
2010-04-15,2413.7849999999999
2010-04-16,2414.0300000000002
2010-04-19,2414.0500000000002
2010-04-20,2413.4400000000001
2010-04-21,2412.8000000000002
2010-04-22,2412.2849999999999
2010-04-23,2411.2350000000001
2010-04-26,2410.1799999999998
2010-04-27,2408.7199999999998
2010-04-28,2406.8649999999998
2010-04-29,2404.835
2010-04-30,2402.5749999999998
2010-05-04,2400.665
2010-05-05,2398.6900000000001
2010-05-06,2396.5700000000002
2010-05-07,2394.04
2010-05-10,2391.6300000000001
2010-05-11,2388.9400000000001
2010-05-12,2385.9299999999998
2010-05-13,2382.9850000000001
2010-05-14,2380.165
2010-05-17,2376.9899999999998
2010-05-18,2373.5599999999999
2010-05-19,2370.04
2010-05-20,2366.29
2010-05-21,2362.2249999999999
2010-05-24,2357.9400000000001
2010-05-25,2354.0450000000001
2010-05-26,2350.5450000000001
2010-05-27,2346.605
2010-05-28,2342.48
2010-05-31,2338.2049999999999
2010-06-01,2333.8449999999998
2010-06-02,2329.6350000000002
2010-06-03,2325.7249999999999
2010-06-04,2322.0749999999998
2010-06-07,2318.5149999999999
2010-06-08,2314.7550000000001
2010-06-09,2311.585
2010-06-10,2308.5300000000002
2010-06-11,2305.5999999999999
2010-06-17,2303.3899999999999
2010-06-18,2301.1300000000001
2010-06-21,2299.3299999999999
2010-06-22,2297.3499999999999
2010-06-23,2295.21
2010-06-24,2292.96
2010-06-25,2291.2950000000001
2010-06-28,2289.4250000000002
2010-06-29,2287.6599999999999
2010-06-30,2285.895
2010-07-01,2284.8449999999998
2010-07-02,2283.5149999999999
2010-07-05,2282.0250000000001
2010-07-06,2279.8850000000002
2010-07-07,2277.895
2010-07-08,2275.8499999999999
2010-07-09,2273.5900000000001
2010-07-12,2271.5250000000001
2010-07-13,2269.6350000000002
2010-07-14,2267.2249999999999
2010-07-15,2264.7550000000001
2010-07-16,2262.1350000000002
2010-07-19,2259.7150000000001
2010-07-20,2257.29
2010-07-21,2255.4699999999998
2010-07-22,2253.645
2010-07-23,2252.23
2010-07-26,2251.02
2010-07-27,2249.6849999999999
2010-07-28,2248.3099999999999
2010-07-29,2247.5250000000001
2010-07-30,2246.6900000000001
2010-08-02,2245.7049999999999
2010-08-03,2244.3249999999998
2010-08-04,2242.8299999999999
2010-08-05,2241.165
2010-08-06,2239.29
2010-08-09,2237.5
2010-08-10,2235.73
2010-08-11,2233.415
2010-08-12,2230.9549999999999
2010-08-13,2228.395
2010-08-16,2226.0250000000001
2010-08-17,2223.6300000000001
2010-08-18,2221.2550000000001
2010-08-19,2219.1900000000001
2010-08-20,2217.2649999999999
2010-08-23,2215.4949999999999
2010-08-24,2213.5650000000001
2010-08-25,2211.1750000000002
2010-08-26,2208.46
2010-08-27,2205.6500000000001
2010-08-30,2202.8299999999999
2010-08-31,2200.1100000000001
2010-09-01,2197.2600000000002
2010-09-02,2194.335
2010-09-03,2191.585
2010-09-06,2188.835
2010-09-07,2186.2350000000001
2010-09-08,2183.2150000000001
2010-09-09,2180.1149999999998
2010-09-10,2176.8400000000001
2010-09-13,2173.54
2010-09-14,2170.4000000000001
2010-09-15,2167.1999999999998
2010-09-16,2164.1599999999999
2010-09-17,2160.7849999999999
2010-09-20,2157.9349999999999
2010-09-21,2155.4450000000002
2010-09-27,2152.5799999999999
2010-09-28,2149.6849999999999
2010-09-29,2146.5900000000001
2010-09-30,2143.605
2010-10-08,2140.375
2010-10-11,2137.5250000000001
2010-10-12,2135.2800000000002
2010-10-13,2133.4299999999998
2010-10-14,2131.665
2010-10-15,2130.0450000000001
2010-10-18,2128.645
2010-10-19,2127.3400000000001
2010-10-20,2126.3150000000001
2010-10-21,2125.5050000000001
2010-10-22,2124.6950000000002
2010-10-25,2123.9000000000001
2010-10-26,2123.6849999999999
2010-10-27,2123.2849999999999
2010-10-28,2122.3400000000001
2010-10-29,2121.5349999999999
2010-11-01,2120.3499999999999
2010-11-02,2119.3150000000001
2010-11-03,2117.8850000000002
2010-11-04,2116.3449999999998
2010-11-05,2115.1799999999998
2010-11-08,2113.9749999999999
2010-11-09,2112.9699999999998
2010-11-10,2112.0500000000002
2010-11-11,2110.96
2010-11-12,2109.96
2010-11-15,2108.1849999999999
2010-11-16,2106.9200000000001
2010-11-17,2104.9400000000001
2010-11-18,2102.835
2010-11-19,2100.8800000000001
2010-11-22,2098.8600000000001
2010-11-23,2097.105
2010-11-24,2095.0450000000001
2010-11-25,2093.1849999999999
2010-11-26,2091.585
2010-11-29,2090.105
2010-11-30,2088.8299999999999
2010-12-01,2087.4650000000001
2010-12-02,2086.1350000000002
2010-12-03,2085.0599999999999
2010-12-06,2083.9850000000001
2010-12-07,2082.71
2010-12-08,2081.5749999999998
2010-12-09,2080.5450000000001
2010-12-10,2079.4450000000002
2010-12-13,2078.3800000000001
2010-12-14,2077.415
2010-12-15,2076.3899999999999
2010-12-16,2075.2049999999999
2010-12-17,2074.0050000000001
2010-12-20,2072.9899999999998
2010-12-21,2071.6950000000002
2010-12-22,2070.48
2010-12-23,2069.1550000000002
2010-12-24,2067.625
2010-12-27,2066.105
2010-12-28,2064.3600000000001
2010-12-29,2062.7550000000001
2010-12-30,2061.1300000000001
2010-12-31,2059.3649999999998
2011-01-04,2057.6750000000002
2011-01-05,2056.2399999999998
2011-01-06,2054.6849999999999
2011-01-07,2053.1950000000002
2011-01-10,2052.0
2011-01-11,2050.5700000000002
2011-01-12,2049.0100000000002
2011-01-13,2047.5899999999999
2011-01-14,2046.0599999999999
2011-01-17,2044.365
2011-01-18,2042.48
2011-01-19,2040.625
2011-01-20,2039.0799999999999
2011-01-21,2037.0650000000001
2011-01-24,2034.825
2011-01-25,2032.5
2011-01-26,2030.2850000000001
2011-01-27,2028.0350000000001
2011-01-28,2025.875
2011-01-31,2023.6949999999999
2011-02-01,2021.6800000000001
2011-02-09,2019.895
2011-02-10,2017.865
2011-02-11,2016.1400000000001
2011-02-14,2014.1700000000001
2011-02-15,2012.52
2011-02-16,2010.885
2011-02-17,2009.45
2011-02-18,2008.5999999999999
2011-02-21,2007.7049999999999
2011-02-22,2006.7449999999999
2011-02-23,2005.7650000000001
2011-02-24,2004.855
2011-02-25,2004.0699999999999
2011-02-28,2003.5
2011-03-01,2003.0250000000001
2011-03-02,2002.655
2011-03-03,2002.155
2011-03-04,2001.855
2011-03-07,2001.6900000000001
2011-03-08,2002.2149999999999
2011-03-09,2002.8399999999999
2011-03-10,2003.3199999999999
2011-03-11,2003.77
2011-03-14,2003.915
2011-03-15,2003.8900000000001
2011-03-16,2003.8
2011-03-17,2004.3199999999999
2011-03-18,2004.5
2011-03-21,2004.7950000000001
2011-03-22,2005.2650000000001
2011-03-23,2005.7349999999999
2011-03-24,2006.0150000000001
2011-03-25,2006.48
2011-03-28,2007.105
2011-03-29,2007.595
2011-03-30,2008.1099999999999
2011-03-31,2008.865
2011-04-01,2009.6300000000001
2011-04-06,2010.625
2011-04-07,2011.905
2011-04-08,2013.1849999999999
2011-04-11,2014.7249999999999
2011-04-12,2016.25
2011-04-13,2017.4000000000001
2011-04-14,2018.9000000000001
2011-04-15,2020.2950000000001
2011-04-18,2021.76
2011-04-19,2023.3
2011-04-20,2024.26
2011-04-21,2025.2
2011-04-22,2026.3099999999999
2011-04-25,2027.335
2011-04-26,2028.26
2011-04-27,2029.145
2011-04-28,2030.395
2011-04-29,2031.76
2011-05-03,2033.1600000000001
2011-05-04,2034.4849999999999
2011-05-05,2035.5999999999999
2011-05-06,2036.54
2011-05-09,2037.415
2011-05-10,2038.2550000000001
2011-05-11,2038.99
2011-05-12,2039.635
2011-05-13,2040.28
2011-05-16,2040.98
2011-05-17,2041.7
2011-05-18,2042.52
2011-05-19,2043.2149999999999
2011-05-20,2043.7
2011-05-23,2044.2149999999999
2011-05-24,2044.325
2011-05-25,2044.3800000000001
2011-05-26,2044.3150000000001
2011-05-27,2044.3299999999999
2011-05-30,2044.0799999999999
2011-05-31,2043.825
2011-06-01,2043.7349999999999
2011-06-02,2043.4400000000001
2011-06-03,2043.1700000000001
2011-06-07,2042.9400000000001
2011-06-08,2042.8900000000001
2011-06-09,2042.675
2011-06-10,2042.3050000000001
2011-06-13,2042.21
2011-06-14,2042.075
2011-06-15,2042.1800000000001
2011-06-16,2042.1400000000001
2011-06-17,2041.77
2011-06-20,2041.2850000000001
2011-06-21,2040.8050000000001
2011-06-22,2040.3
2011-06-23,2039.9300000000001
2011-06-24,2039.7449999999999
2011-06-27,2039.8
2011-06-28,2040.04
2011-06-29,2040.3050000000001
2011-06-30,2040.385
2011-07-01,2040.5050000000001
2011-07-04,2040.7049999999999
2011-07-05,2041.2049999999999
2011-07-06,2041.5650000000001
2011-07-07,2041.9000000000001
2011-07-08,2041.9400000000001
2011-07-11,2042.0550000000001
2011-07-12,2042.22
2011-07-13,2042.365
2011-07-14,2042.675
2011-07-15,2042.9749999999999
2011-07-18,2043.3
2011-07-19,2043.7550000000001
2011-07-20,2044.29
2011-07-21,2044.8099999999999
2011-07-22,2045.1900000000001
2011-07-25,2045.5799999999999
2011-07-26,2045.625
2011-07-27,2045.7750000000001
2011-07-28,2045.915
2011-07-29,2045.74
2011-08-01,2045.2349999999999
2011-08-02,2044.3599999999999
2011-08-03,2043.2750000000001
2011-08-04,2042.01
2011-08-05,2040.605
2011-08-08,2038.5550000000001
2011-08-09,2036.28
2011-08-10,2033.8299999999999
2011-08-11,2031.4449999999999
2011-08-12,2029.375
2011-08-15,2027.335
2011-08-16,2025.1600000000001
2011-08-17,2023.0650000000001
2011-08-18,2021.175
2011-08-19,2019.115
2011-08-22,2017.145
2011-08-23,2014.8199999999999
2011-08-24,2012.7149999999999
2011-08-25,2010.5650000000001
2011-08-26,2008.6300000000001
2011-08-29,2006.5550000000001
2011-08-30,2004.2550000000001
2011-08-31,2002.095
2011-09-01,2000.1500000000001
2011-09-02,1998.05
2011-09-05,1996.47
2011-09-06,1994.7850000000001
2011-09-07,1993.6600000000001
2011-09-08,1992.79
2011-09-09,1991.7449999999999
2011-09-13,1990.6800000000001
2011-09-14,1989.6400000000001
2011-09-15,1988.8199999999999
2011-09-16,1987.76
2011-09-19,1986.5699999999999
2011-09-20,1985.335
2011-09-21,1984.165
2011-09-22,1983.3900000000001
2011-09-23,1982.345
2011-09-26,1981.155
2011-09-27,1979.6700000000001
2011-09-28,1978.1700000000001
2011-09-29,1976.53
2011-09-30,1975.0
2011-10-10,1973.5550000000001
2011-10-11,1971.9100000000001
2011-10-12,1970.0050000000001
2011-10-13,1968.4649999999999
2011-10-14,1967.0150000000001
2011-10-17,1965.665
2011-10-18,1964.405
2011-10-19,1963.0550000000001
2011-10-20,1961.4549999999999
2011-10-21,1959.8150000000001
2011-10-24,1958.2149999999999
2011-10-25,1956.895
2011-10-26,1955.875
2011-10-27,1955.0350000000001
2011-10-28,1954.23
2011-10-31,1953.665
2011-11-01,1952.8499999999999
2011-11-02,1951.8599999999999
2011-11-03,1951.1099999999999
2011-11-04,1950.375
2011-11-07,1949.615
2011-11-08,1948.865
2011-11-09,1948.0250000000001
2011-11-10,1947.165
2011-11-11,1946.115
2011-11-14,1945.21
2011-11-15,1944.7950000000001
2011-11-16,1944.29
2011-11-17,1943.395
2011-11-18,1942.74
2011-11-21,1941.825
2011-11-22,1940.9749999999999
2011-11-23,1940.115
2011-11-24,1939.085
2011-11-25,1937.96
2011-11-28,1936.79
2011-11-29,1935.5599999999999
2011-11-30,1934.3800000000001
2011-12-01,1933.0799999999999
2011-12-02,1931.8699999999999
2011-12-05,1930.615
2011-12-06,1928.9549999999999
2011-12-07,1927.2850000000001
2011-12-08,1925.655
2011-12-09,1924.0350000000001
2011-12-12,1922.46
2011-12-13,1920.7349999999999
2011-12-14,1919.115
2011-12-15,1917.45
2011-12-16,1915.55
2011-12-19,1913.77
2011-12-20,1911.905
2011-12-21,1909.9749999999999
2011-12-22,1907.905
2011-12-23,1905.7950000000001
2011-12-26,1903.585
2011-12-27,1901.095
2011-12-28,1898.5699999999999
2011-12-29,1896.0599999999999
2011-12-30,1893.7850000000001
2012-01-04,1891.74
2012-01-05,1889.5799999999999
2012-01-06,1887.595
2012-01-09,1885.5050000000001
2012-01-10,1883.825
2012-01-11,1882.3050000000001
2012-01-12,1880.73
2012-01-13,1879.085
2012-01-16,1877.2249999999999
2012-01-17,1875.3299999999999
2012-01-18,1873.6700000000001
2012-01-19,1871.855
2012-01-20,1870.2650000000001
2012-01-30,1868.78
2012-01-31,1867.22
2012-02-01,1865.425
2012-02-02,1863.25
2012-02-03,1861.325
2012-02-06,1859.375
2012-02-07,1857.4649999999999
2012-02-08,1855.4400000000001
2012-02-09,1853.4849999999999
2012-02-10,1851.5650000000001
2012-02-13,1849.585
2012-02-14,1847.5550000000001
2012-02-15,1845.7149999999999
2012-02-16,1843.9849999999999
2012-02-17,1842.1199999999999
2012-02-20,1840.3099999999999
2012-02-21,1838.6500000000001
2012-02-22,1837.0699999999999
2012-02-23,1835.595
2012-02-24,1834.115
2012-02-27,1832.8050000000001
2012-02-28,1831.5150000000001
2012-02-29,1830.5799999999999
2012-03-01,1829.575
2012-03-02,1828.6199999999999
2012-03-05,1827.7850000000001
2012-03-06,1826.7850000000001
2012-03-07,1825.645
2012-03-08,1824.5550000000001
2012-03-09,1823.45
2012-03-12,1822.54
2012-03-13,1821.47
2012-03-14,1820.3900000000001
2012-03-15,1819.1849999999999
2012-03-16,1817.875
2012-03-19,1816.9200000000001
2012-03-20,1815.9649999999999
2012-03-21,1814.99
2012-03-22,1814.02
2012-03-23,1813.05
2012-03-26,1811.9949999999999
2012-03-27,1810.8199999999999
2012-03-28,1809.6849999999999
2012-03-29,1808.5550000000001
2012-03-30,1807.2449999999999
2012-04-05,1805.9749999999999
2012-04-06,1804.845
2012-04-09,1803.8800000000001
2012-04-10,1802.8199999999999
2012-04-11,1801.8499999999999
2012-04-12,1800.7449999999999
2012-04-13,1799.895
2012-04-16,1799.1900000000001
2012-04-17,1798.5050000000001
2012-04-18,1797.76
2012-04-19,1797.135
2012-04-20,1796.51
2012-04-23,1795.8599999999999
2012-04-24,1794.915
2012-04-25,1794.0250000000001
2012-04-26,1793.1800000000001
2012-04-27,1792.5250000000001
2012-05-02,1791.71
2012-05-03,1791.1199999999999
2012-05-04,1790.2650000000001
2012-05-07,1789.5
2012-05-08,1788.7550000000001
2012-05-09,1788.0250000000001
2012-05-10,1787.0999999999999
2012-05-11,1786.2
2012-05-14,1785.4449999999999
2012-05-15,1784.47
2012-05-16,1783.4449999999999
2012-05-17,1782.2149999999999
2012-05-18,1781.1600000000001
2012-05-21,1780.05
2012-05-22,1779.0050000000001
2012-05-23,1778.2049999999999
2012-05-24,1777.3399999999999
2012-05-25,1776.6900000000001
2012-05-28,1775.9400000000001
2012-05-29,1775.3
2012-05-30,1774.8800000000001
2012-05-31,1774.3399999999999
2012-06-01,1773.75
2012-06-04,1773.2650000000001
2012-06-05,1772.5650000000001
2012-06-06,1771.8599999999999
2012-06-07,1771.3800000000001
2012-06-08,1771.165
2012-06-11,1770.825
2012-06-12,1770.52
2012-06-13,1770.0350000000001
2012-06-14,1769.71
2012-06-15,1769.1300000000001
2012-06-18,1768.7049999999999
2012-06-19,1768.3199999999999
2012-06-20,1768.0599999999999
2012-06-21,1767.8900000000001
2012-06-25,1767.6600000000001
2012-06-26,1767.0999999999999
2012-06-27,1766.6400000000001
2012-06-28,1765.7950000000001
2012-06-29,1764.9200000000001
2012-07-02,1764.3399999999999
2012-07-03,1763.77
2012-07-04,1763.1800000000001
2012-07-05,1762.605
2012-07-06,1762.0550000000001
2012-07-09,1761.74
2012-07-10,1761.26
2012-07-11,1760.6099999999999
2012-07-12,1760.05
2012-07-13,1759.54
2012-07-16,1759.135
2012-07-17,1758.5999999999999
2012-07-18,1758.1400000000001
2012-07-19,1757.635
2012-07-20,1757.335
2012-07-23,1756.9349999999999
2012-07-24,1756.145
2012-07-25,1755.6300000000001
2012-07-26,1755.165
2012-07-27,1754.9449999999999
2012-07-30,1754.645
2012-07-31,1754.415
2012-08-01,1754.23
2012-08-02,1754.1099999999999
2012-08-03,1754.0450000000001
2012-08-06,1753.99
2012-08-07,1753.675
2012-08-08,1753.335
2012-08-09,1753.02
2012-08-10,1752.6849999999999
2012-08-13,1752.5799999999999
2012-08-14,1752.3150000000001
2012-08-15,1752.2149999999999
2012-08-16,1751.9849999999999
2012-08-17,1751.4849999999999
2012-08-20,1750.8599999999999
2012-08-21,1750.1099999999999
2012-08-22,1749.345
2012-08-23,1748.3499999999999
2012-08-24,1747.4849999999999
2012-08-27,1746.5550000000001
2012-08-28,1745.3050000000001
2012-08-29,1744.165
2012-08-30,1742.875
2012-08-31,1741.72
2012-09-03,1740.55
2012-09-04,1739.345
2012-09-05,1738.2750000000001
2012-09-06,1737.165
2012-09-07,1735.9549999999999
2012-09-10,1735.165
2012-09-11,1734.6199999999999
2012-09-12,1734.0450000000001
2012-09-13,1733.6099999999999
2012-09-14,1733.1199999999999
2012-09-17,1732.7049999999999
2012-09-18,1732.2349999999999
2012-09-19,1731.6700000000001
2012-09-20,1731.1800000000001
2012-09-21,1730.53
2012-09-24,1729.8099999999999
2012-09-25,1729.3800000000001
2012-09-26,1728.7
2012-09-27,1728.01
2012-09-28,1727.5699999999999
2012-10-08,1727.3099999999999
2012-10-09,1726.9000000000001
2012-10-10,1726.6500000000001
2012-10-11,1726.425
2012-10-12,1726.22
2012-10-15,1726.1849999999999
2012-10-16,1726.1700000000001
2012-10-17,1726.3599999999999
2012-10-18,1726.4349999999999
2012-10-19,1726.6400000000001
2012-10-22,1726.835
2012-10-23,1727.165
2012-10-24,1727.395
2012-10-25,1727.55
2012-10-26,1727.7249999999999
2012-10-29,1727.79
2012-10-30,1727.79
2012-10-31,1727.8
2012-11-01,1727.78
2012-11-02,1728.0050000000001
2012-11-05,1728.27
2012-11-06,1728.4649999999999
2012-11-07,1728.355
2012-11-08,1728.0250000000001
2012-11-09,1727.615
2012-11-12,1727.165
2012-11-13,1726.845
2012-11-14,1726.345
2012-11-15,1725.4749999999999
2012-11-16,1724.6500000000001
2012-11-19,1723.5599999999999
2012-11-20,1722.3299999999999
2012-11-21,1721.22
2012-11-22,1720.2349999999999
2012-11-23,1719.375
2012-11-26,1718.3199999999999
2012-11-27,1717.2049999999999
2012-11-28,1716.0599999999999
2012-11-29,1715.04
2012-11-30,1713.7249999999999
2012-12-03,1712.4849999999999
2012-12-04,1711.1849999999999
2012-12-05,1710.01
2012-12-06,1709.145
2012-12-07,1708.2049999999999
2012-12-10,1707.4949999999999
2012-12-11,1706.845
2012-12-12,1706.145
2012-12-13,1705.4649999999999
2012-12-14,1704.615
2012-12-17,1704.1800000000001
2012-12-18,1703.655
2012-12-19,1703.1400000000001
2012-12-20,1702.5650000000001
2012-12-21,1702.125
2012-12-24,1701.6300000000001
2012-12-25,1701.085
2012-12-26,1700.8299999999999
2012-12-27,1700.78
2012-12-28,1700.76
2012-12-31,1700.78
2013-01-04,1700.9349999999999
2013-01-07,1701.23
2013-01-08,1701.4849999999999
2013-01-09,1701.79
2013-01-10,1702.145
2013-01-11,1702.4400000000001
2013-01-14,1702.5699999999999
2013-01-15,1703.1700000000001
2013-01-16,1703.78
2013-01-17,1704.2650000000001
2013-01-18,1704.73
2013-01-21,1705.325
2013-01-22,1705.97
2013-01-23,1706.8099999999999
2013-01-24,1707.7950000000001
2013-01-25,1708.675
2013-01-28,1709.375
2013-01-29,1710.375
2013-01-30,1711.575
2013-01-31,1712.7449999999999
2013-02-01,1713.9549999999999
2013-02-04,1715.28
2013-02-05,1716.6099999999999
2013-02-06,1718.0050000000001
2013-02-07,1719.5650000000001
2013-02-08,1720.7950000000001
2013-02-18,1721.9749999999999
2013-02-19,1722.9000000000001
2013-02-20,1723.73
2013-02-21,1724.5
2013-02-22,1724.825
2013-02-25,1725.0599999999999
2013-02-26,1725.325
2013-02-27,1725.25
2013-02-28,1725.29
2013-03-01,1725.6199999999999
2013-03-04,1725.9549999999999
2013-03-05,1725.8
2013-03-06,1726.155
2013-03-07,1726.6099999999999
2013-03-08,1726.96
2013-03-11,1727.3900000000001
2013-03-12,1727.73
2013-03-13,1728.1199999999999
2013-03-14,1728.2750000000001
2013-03-15,1728.5799999999999
2013-03-18,1728.875
2013-03-19,1728.8699999999999
2013-03-20,1729.0050000000001
2013-03-21,1729.5550000000001
2013-03-22,1730.175
2013-03-25,1730.675
2013-03-26,1731.0350000000001
2013-03-27,1731.25
2013-03-28,1731.5350000000001
2013-03-29,1731.415
2013-04-01,1731.52
2013-04-02,1731.5999999999999
2013-04-03,1731.6700000000001
2013-04-08,1731.78
2013-04-09,1731.885
2013-04-10,1731.98
2013-04-11,1732.135
2013-04-12,1732.155
2013-04-15,1732.1700000000001
2013-04-16,1732.03
2013-04-17,1731.925
2013-04-18,1731.8150000000001
2013-04-19,1731.7149999999999
2013-04-22,1732.0599999999999
2013-04-23,1732.5599999999999
2013-04-24,1732.73
2013-04-25,1733.0650000000001
2013-04-26,1733.385
2013-05-02,1733.5350000000001
2013-05-03,1733.7
2013-05-06,1733.9949999999999
2013-05-07,1734.3699999999999
2013-05-08,1734.835
2013-05-09,1735.24
2013-05-10,1735.7850000000001
2013-05-13,1736.395
2013-05-14,1736.925
2013-05-15,1737.29
2013-05-16,1737.6400000000001
2013-05-17,1738.27
2013-05-20,1738.98
2013-05-21,1739.8050000000001
2013-05-22,1740.5350000000001
2013-05-23,1741.3499999999999
2013-05-24,1742.145
2013-05-27,1742.96
2013-05-28,1743.7750000000001
2013-05-29,1744.8299999999999
2013-05-30,1745.8
2013-05-31,1746.7550000000001
2013-06-03,1747.605
2013-06-04,1748.4300000000001
2013-06-05,1749.1949999999999
2013-06-06,1749.8699999999999
2013-06-07,1750.3800000000001
2013-06-13,1750.77
2013-06-14,1750.905
2013-06-17,1750.9949999999999
2013-06-18,1751.04
2013-06-19,1751.2950000000001
2013-06-20,1751.4949999999999
2013-06-21,1751.53
2013-06-24,1751.5650000000001
2013-06-25,1751.075
2013-06-26,1750.675
2013-06-27,1750.1500000000001
2013-06-28,1749.7
2013-07-01,1749.4400000000001
2013-07-02,1749.1900000000001
2013-07-03,1749.0650000000001
2013-07-04,1748.8099999999999
2013-07-05,1748.6900000000001
2013-07-08,1748.5999999999999
2013-07-09,1748.365
2013-07-10,1748.085
2013-07-11,1748.085
2013-07-12,1748.6400000000001
2013-07-15,1748.865
2013-07-16,1748.8
2013-07-17,1748.74
2013-07-18,1748.6400000000001
2013-07-19,1748.365
2013-07-22,1747.9549999999999
2013-07-23,1747.48
2013-07-24,1747.365
2013-07-25,1747.24
2013-07-26,1747.105
2013-07-29,1747.0550000000001
2013-07-30,1746.7950000000001
2013-07-31,1746.5899999999999
2013-08-01,1746.3900000000001
2013-08-02,1746.4349999999999
2013-08-05,1746.26
2013-08-06,1746.0150000000001
2013-08-07,1745.865
2013-08-08,1745.5250000000001
2013-08-09,1745.1849999999999
2013-08-12,1744.9300000000001
2013-08-13,1744.97
2013-08-14,1745.0699999999999
2013-08-15,1745.1300000000001
2013-08-16,1745.0799999999999
2013-08-19,1744.9200000000001
2013-08-20,1744.8199999999999
2013-08-21,1744.635
2013-08-22,1744.5
2013-08-23,1744.355
2013-08-26,1744.1900000000001
2013-08-27,1744.3699999999999
2013-08-28,1744.5999999999999
2013-08-29,1744.78
2013-08-30,1744.8599999999999
2013-09-02,1744.8099999999999
2013-09-03,1744.73
2013-09-04,1744.77
2013-09-05,1744.845
2013-09-06,1744.895
2013-09-09,1745.165
2013-09-10,1745.8900000000001
2013-09-11,1746.7049999999999
2013-09-12,1747.835
2013-09-13,1749.085
2013-09-16,1750.3199999999999
2013-09-17,1751.5550000000001
2013-09-18,1752.5999999999999
2013-09-23,1753.6949999999999
2013-09-24,1754.7349999999999
2013-09-25,1755.6099999999999
2013-09-26,1756.365
2013-09-27,1757.0
2013-09-30,1757.71
2013-10-08,1758.4849999999999
2013-10-09,1759.3900000000001
2013-10-10,1760.2850000000001
2013-10-11,1761.0899999999999
2013-10-14,1761.98
2013-10-15,1762.575
2013-10-16,1763.1300000000001
2013-10-17,1763.4100000000001
2013-10-18,1763.5650000000001
2013-10-21,1763.8099999999999
2013-10-22,1764.095
2013-10-23,1764.375
2013-10-24,1764.2149999999999
2013-10-25,1763.905
2013-10-28,1763.5150000000001
2013-10-29,1763.1400000000001
2013-10-30,1762.8299999999999
2013-10-31,1762.6949999999999
2013-11-01,1762.385
2013-11-04,1761.9200000000001
2013-11-05,1761.3900000000001
2013-11-06,1760.895
2013-11-07,1760.1700000000001
2013-11-08,1759.22
2013-11-11,1758.0799999999999
2013-11-12,1756.905
2013-11-13,1755.9549999999999
2013-11-14,1754.8199999999999
2013-11-15,1753.6849999999999
2013-11-18,1752.5999999999999
2013-11-19,1751.5450000000001
2013-11-20,1750.3599999999999
2013-11-21,1749.3050000000001
2013-11-22,1748.2650000000001
2013-11-25,1747.05
2013-11-26,1745.74
2013-11-27,1744.4100000000001
2013-11-28,1743.1199999999999
2013-11-29,1741.9400000000001
2013-12-02,1740.7950000000001
2013-12-03,1739.425
2013-12-04,1737.9300000000001
2013-12-05,1736.5050000000001
2013-12-06,1735.02
2013-12-09,1733.1400000000001
2013-12-10,1731.1949999999999
2013-12-11,1729.24
2013-12-12,1727.075
2013-12-13,1724.99
2013-12-16,1722.95
2013-12-17,1720.9100000000001
2013-12-18,1718.9949999999999
2013-12-19,1717.125
2013-12-20,1715.5650000000001
2013-12-23,1713.8800000000001
2013-12-24,1712.1500000000001
2013-12-25,1710.54
2013-12-26,1708.845
2013-12-27,1706.72
2013-12-30,1704.7449999999999
2013-12-31,1703.28
2014-01-02,1701.5699999999999
2014-01-03,1699.7
2014-01-06,1697.8800000000001
2014-01-07,1695.9449999999999
2014-01-08,1694.1099999999999
2014-01-09,1692.4100000000001
2014-01-10,1690.7550000000001
2014-01-13,1689.0450000000001
2014-01-14,1687.2750000000001
2014-01-15,1685.6900000000001
2014-01-16,1683.9749999999999
2014-01-17,1681.9100000000001
2014-01-20,1679.77
2014-01-21,1677.5799999999999
2014-01-22,1675.4449999999999
2014-01-23,1673.71
2014-01-24,1671.8800000000001
2014-01-27,1670.4349999999999
2014-01-28,1668.885
2014-01-29,1667.4000000000001
2014-01-30,1665.9300000000001
2014-02-07,1664.365
2014-02-10,1662.875
2014-02-11,1661.4449999999999
2014-02-12,1660.135
2014-02-13,1658.8099999999999
2014-02-14,1657.5650000000001
2014-02-17,1656.405
2014-02-18,1655.2249999999999
2014-02-19,1653.95
2014-02-20,1652.7650000000001
2014-02-21,1651.2249999999999
2014-02-24,1649.6199999999999
2014-02-25,1648.1400000000001
2014-02-26,1646.3900000000001
2014-02-27,1644.7049999999999
2014-02-28,1643.135
2014-03-03,1641.615
2014-03-04,1639.925
2014-03-05,1638.155
2014-03-06,1636.29
2014-03-07,1634.46
2014-03-10,1632.6800000000001
2014-03-11,1630.625
2014-03-12,1628.6300000000001
2014-03-13,1626.7750000000001
2014-03-14,1625.0150000000001
2014-03-17,1623.03
2014-03-18,1620.9849999999999
2014-03-19,1618.8050000000001
2014-03-20,1616.6400000000001
2014-03-21,1614.4000000000001
2014-03-24,1612.5999999999999
2014-03-25,1610.835
2014-03-26,1609.0350000000001
2014-03-27,1606.9949999999999
2014-03-28,1605.01
2014-03-31,1603.0899999999999
2014-04-01,1601.21
2014-04-02,1599.335
2014-04-03,1597.645
2014-04-04,1595.9549999999999
2014-04-08,1594.425
2014-04-09,1593.2349999999999
2014-04-10,1592.25
2014-04-11,1591.4549999999999
2014-04-14,1590.7049999999999
2014-04-15,1589.855
2014-04-16,1588.9300000000001
2014-04-17,1588.2750000000001
2014-04-18,1587.605
2014-04-21,1587.4549999999999
2014-04-22,1587.1500000000001
2014-04-23,1587.03
2014-04-24,1586.8800000000001
2014-04-25,1586.5250000000001
2014-04-28,1586.1500000000001
2014-04-29,1585.7249999999999
2014-04-30,1585.4200000000001
2014-05-05,1585.05
2014-05-06,1584.595
2014-05-07,1584.2750000000001
2014-05-08,1583.9349999999999
2014-05-09,1583.395
2014-05-12,1582.355
2014-05-13,1581.71
2014-05-14,1580.95
2014-05-15,1580.2
2014-05-16,1579.4849999999999
2014-05-19,1578.925
2014-05-20,1578.4349999999999
2014-05-21,1577.925
2014-05-22,1577.27
2014-05-23,1576.7
2014-05-26,1576.2049999999999
2014-05-27,1575.7650000000001
2014-05-28,1575.4949999999999
2014-05-29,1575.1900000000001
2014-05-30,1574.845
2014-06-03,1574.29
2014-06-04,1573.7249999999999
2014-06-05,1573.03
2014-06-06,1572.4100000000001
2014-06-09,1571.7650000000001
2014-06-10,1571.1500000000001
2014-06-11,1570.5799999999999
2014-06-12,1569.6849999999999
2014-06-13,1568.74
2014-06-16,1567.925
2014-06-17,1567.2750000000001
2014-06-18,1566.5550000000001
2014-06-19,1565.75
2014-06-20,1564.9100000000001
2014-06-23,1564.1400000000001
2014-06-24,1563.3699999999999
2014-06-25,1562.7249999999999
2014-06-26,1561.8599999999999
2014-06-27,1561.0450000000001
2014-06-30,1560.24
2014-07-01,1559.52
2014-07-02,1558.76
2014-07-03,1558.0250000000001
2014-07-04,1557.21
2014-07-07,1556.4100000000001
2014-07-08,1555.6400000000001
2014-07-09,1554.7650000000001
2014-07-10,1553.365
2014-07-11,1551.825
2014-07-14,1550.3
2014-07-15,1548.6900000000001
2014-07-16,1547.2
2014-07-17,1545.7750000000001
2014-07-18,1544.5250000000001
2014-07-21,1543.3099999999999
2014-07-22,1542.04
2014-07-23,1541.05
2014-07-24,1540.1900000000001
2014-07-25,1539.645
2014-07-28,1539.1500000000001
2014-07-29,1538.9000000000001
2014-07-30,1538.5650000000001
2014-07-31,1538.1600000000001
2014-08-01,1538.02
2014-08-04,1537.6400000000001
2014-08-05,1537.4749999999999
2014-08-06,1537.2850000000001
2014-08-07,1537.1300000000001
2014-08-08,1536.8900000000001
2014-08-11,1536.6099999999999
2014-08-12,1536.335
2014-08-13,1536.0999999999999
2014-08-14,1535.8900000000001
2014-08-15,1535.7049999999999
2014-08-18,1535.655
2014-08-19,1535.5999999999999
2014-08-20,1535.415
2014-08-21,1535.0999999999999
2014-08-22,1534.8199999999999
2014-08-25,1534.4949999999999
2014-08-26,1534.1300000000001
2014-08-27,1533.78
2014-08-28,1533.51
2014-08-29,1533.25
2014-09-01,1533.1700000000001
2014-09-02,1533.095
2014-09-03,1533.0250000000001
2014-09-04,1533.2550000000001
2014-09-05,1533.54
2014-09-09,1534.0350000000001
2014-09-10,1534.085
2014-09-11,1534.1600000000001
2014-09-12,1534.1900000000001
2014-09-15,1534.345
2014-09-16,1534.4949999999999
2014-09-17,1534.5650000000001
2014-09-18,1534.6700000000001
2014-09-19,1534.7149999999999
2014-09-22,1534.7449999999999
2014-09-23,1534.605
2014-09-24,1534.4300000000001
2014-09-25,1534.4100000000001
2014-09-26,1534.2349999999999
2014-09-29,1534.095
2014-09-30,1534.0699999999999
2014-10-08,1534.0699999999999
2014-10-09,1534.1099999999999
2014-10-10,1534.3
2014-10-13,1534.4749999999999
2014-10-14,1534.605
2014-10-15,1534.8050000000001
2014-10-16,1535.1300000000001
2014-10-17,1535.4100000000001
2014-10-20,1535.7550000000001
2014-10-21,1536.3150000000001
2014-10-22,1536.835
2014-10-23,1537.355
2014-10-24,1537.7850000000001
2014-10-27,1538.2950000000001
2014-10-28,1538.5699999999999
2014-10-29,1538.9749999999999
2014-10-30,1539.375
2014-10-31,1539.9000000000001
2014-11-03,1540.75
2014-11-04,1541.6600000000001
2014-11-05,1542.55
2014-11-06,1543.4100000000001
2014-11-07,1544.3050000000001
2014-11-10,1545.2550000000001
2014-11-11,1546.4749999999999
2014-11-12,1547.7850000000001
2014-11-13,1549.23
2014-11-14,1550.655
2014-11-17,1552.1600000000001
2014-11-18,1553.3800000000001
2014-11-19,1554.4300000000001
2014-11-20,1555.24
2014-11-21,1556.135
2014-11-24,1557.24
2014-11-25,1558.645
2014-11-26,1560.085
2014-11-27,1561.7049999999999
2014-11-28,1563.585
2014-12-01,1565.7850000000001
2014-12-02,1567.8699999999999
2014-12-03,1570.355
2014-12-04,1572.9100000000001
2014-12-05,1576.1700000000001
2014-12-08,1579.5
2014-12-09,1583.3900000000001
2014-12-10,1586.7049999999999
2014-12-11,1590.2550000000001
2014-12-12,1593.575
2014-12-15,1596.9749999999999
2014-12-16,1600.5599999999999
2014-12-17,1604.7650000000001
2014-12-18,1609.345
2014-12-19,1613.78
2014-12-22,1618.3150000000001
2014-12-23,1623.05
2014-12-24,1627.52
2014-12-25,1631.5799999999999
2014-12-26,1636.02
2014-12-29,1641.02
2014-12-30,1646.2750000000001
2014-12-31,1651.6849999999999
2015-01-05,1657.375
2015-01-06,1663.3150000000001
2015-01-07,1669.165
2015-01-08,1674.9349999999999
2015-01-09,1680.4000000000001
2015-01-12,1685.925
2015-01-13,1691.385
2015-01-14,1696.4949999999999
2015-01-15,1701.585
2015-01-16,1707.1900000000001
2015-01-19,1712.895
2015-01-20,1717.2950000000001
2015-01-21,1721.7449999999999
2015-01-22,1726.9400000000001
2015-01-23,1732.0899999999999
2015-01-26,1737.27
2015-01-27,1742.49
2015-01-28,1747.4400000000001
2015-01-29,1751.99
2015-01-30,1756.3499999999999
2015-02-02,1760.3499999999999
2015-02-03,1764.04
2015-02-04,1768.115
2015-02-05,1772.175
2015-02-06,1776.145
2015-02-09,1780.02
2015-02-10,1784.0999999999999
2015-02-11,1788.5
2015-02-12,1792.875
2015-02-13,1797.27
2015-02-16,1801.675
2015-02-17,1806.145
2015-02-25,1810.7850000000001
2015-02-26,1815.1700000000001
2015-02-27,1819.96
2015-03-02,1824.7349999999999
2015-03-03,1829.5350000000001
2015-03-04,1833.99
2015-03-05,1838.4200000000001
2015-03-06,1842.71
2015-03-09,1846.8900000000001
2015-03-10,1851.395
2015-03-11,1855.7
2015-03-12,1860.1500000000001
2015-03-13,1864.9849999999999
2015-03-16,1869.9749999999999
2015-03-17,1875.25
2015-03-18,1880.6199999999999
2015-03-19,1886.345
2015-03-20,1891.8800000000001
2015-03-23,1897.645
2015-03-24,1903.635
2015-03-25,1909.385
2015-03-26,1914.9949999999999
2015-03-27,1920.825
2015-03-30,1926.7049999999999
2015-03-31,1933.085
2015-04-01,1939.2149999999999
2015-04-02,1945.635
2015-04-03,1951.97
2015-04-07,1958.385
2015-04-08,1965.175
2015-04-09,1972.26
2015-04-10,1979.145
2015-04-13,1986.2449999999999
2015-04-14,1993.6900000000001
2015-04-15,2001.2049999999999
2015-04-16,2008.8699999999999
2015-04-17,2017.1700000000001
2015-04-20,2025.6949999999999
2015-04-21,2033.7650000000001
2015-04-22,2042.0599999999999
2015-04-23,2050.8150000000001
2015-04-24,2059.4450000000002
2015-04-27,2067.8150000000001
2015-04-28,2076.625
2015-04-29,2085.2600000000002
2015-04-30,2093.835
2015-05-04,2102.2750000000001
2015-05-05,2110.7750000000001
2015-05-06,2118.7150000000001
2015-05-07,2126.6700000000001
2015-05-08,2134.4400000000001
2015-05-11,2142.2249999999999
2015-05-12,2150.2199999999998
2015-05-13,2158.3000000000002
2015-05-14,2166.1599999999999
2015-05-15,2173.9899999999998
2015-05-18,2181.4400000000001
2015-05-19,2188.5949999999998
2015-05-20,2196.2600000000002
2015-05-21,2203.8649999999998
2015-05-22,2211.4850000000001
2015-05-25,2219.5
2015-05-26,2227.7800000000002
2015-05-27,2236.1300000000001
2015-05-28,2244.3449999999998
2015-05-29,2251.4099999999999
2015-06-01,2258.4949999999999
2015-06-02,2266.0599999999999
2015-06-03,2273.7449999999999
2015-06-04,2281.4099999999999
2015-06-05,2289.54
2015-06-08,2297.625
2015-06-09,2306.4650000000001
2015-06-10,2315.0349999999999
2015-06-11,2323.3800000000001
2015-06-12,2331.6950000000002
2015-06-15,2339.9949999999999
2015-06-16,2347.8049999999998
2015-06-17,2355.3000000000002
2015-06-18,2362.9499999999998
2015-06-19,2370.0149999999999
2015-06-23,2376.21
2015-06-24,2382.9899999999998
2015-06-25,2389.9949999999999
2015-06-26,2396.5149999999999
2015-06-29,2401.8850000000002
2015-06-30,2407.0700000000002
2015-07-01,2413.1950000000002
2015-07-02,2418.5900000000001
2015-07-03,2423.6750000000002
2015-07-06,2428.1750000000002
2015-07-07,2433.3899999999999
2015-07-08,2438.915
2015-07-09,2443.5799999999999
2015-07-10,2449.21
2015-07-13,2455.3600000000001
2015-07-14,2461.3249999999998
2015-07-15,2466.915
2015-07-16,2472.4200000000001
2015-07-17,2477.8600000000001
2015-07-20,2483.5500000000002
2015-07-21,2489.2950000000001
2015-07-22,2494.9349999999999
2015-07-23,2500.2600000000002
2015-07-24,2505.9250000000002
2015-07-27,2511.3400000000001
2015-07-28,2515.4749999999999
2015-07-29,2519.5650000000001
2015-07-30,2523.855
2015-07-31,2527.8150000000001
2015-08-03,2531.8049999999998
2015-08-04,2535.9299999999998
2015-08-05,2540.415
2015-08-06,2544.5700000000002
2015-08-07,2548.6500000000001
2015-08-10,2552.9200000000001
2015-08-11,2557.7249999999999
2015-08-12,2562.4450000000002
2015-08-13,2567.0450000000001
2015-08-14,2571.7649999999999
2015-08-17,2576.4949999999999
2015-08-18,2581.2150000000001
2015-08-19,2585.1199999999999
2015-08-20,2589.0
2015-08-21,2592.4899999999998
2015-08-24,2595.335
2015-08-25,2597.0949999999998
2015-08-26,2598.0749999999998
2015-08-27,2599.3800000000001
2015-08-28,2601.52
2015-08-31,2603.9250000000002
2015-09-01,2606.2950000000001
2015-09-02,2608.6500000000001
2015-09-07,2610.9499999999998
2015-09-08,2612.7750000000001
2015-09-09,2614.79
2015-09-10,2617.29
2015-09-11,2619.9000000000001
2015-09-14,2622.4899999999998
2015-09-15,2625.2150000000001
2015-09-16,2627.4499999999998
2015-09-17,2629.8649999999998
2015-09-18,2631.9850000000001
2015-09-21,2633.895
2015-09-22,2635.6999999999998
2015-09-23,2637.3249999999998
2015-09-24,2638.6350000000002
2015-09-25,2639.4549999999999
2015-09-28,2640.145
2015-09-29,2640.1199999999999
2015-09-30,2639.7750000000001
2015-10-08,2638.9499999999998
2015-10-09,2639.085
2015-10-12,2638.9949999999999
2015-10-13,2639.5250000000001
2015-10-14,2640.0100000000002
2015-10-15,2640.3800000000001
2015-10-16,2640.4949999999999
2015-10-19,2640.3249999999998
2015-10-20,2640.2350000000001
2015-10-21,2640.0999999999999
2015-10-22,2639.6750000000002
2015-10-23,2639.5749999999998
2015-10-26,2640.0450000000001
2015-10-27,2640.0749999999998
2015-10-28,2639.5549999999998
2015-10-29,2638.8000000000002
2015-10-30,2637.895
2015-11-02,2636.6849999999999
2015-11-03,2634.9899999999998
2015-11-04,2633.3899999999999
2015-11-05,2632.3800000000001
2015-11-06,2632.0149999999999
2015-11-09,2631.8899999999999
2015-11-10,2632.0500000000002
2015-11-11,2632.23
2015-11-12,2632.2800000000002
2015-11-13,2631.6999999999998
2015-11-16,2630.9000000000001
2015-11-17,2631.4250000000002
2015-11-18,2631.8699999999999
2015-11-19,2631.5450000000001
2015-11-20,2631.4050000000002
2015-11-23,2631.0799999999999
2015-11-24,2630.7350000000001
2015-11-25,2630.5650000000001
2015-11-26,2630.625
2015-11-27,2630.8600000000001
2015-11-30,2630.6149999999998
2015-12-01,2630.7649999999999
2015-12-02,2630.625
2015-12-03,2631.2649999999999
2015-12-04,2631.9850000000001
2015-12-07,2632.52
2015-12-08,2632.8150000000001
2015-12-09,2632.8000000000002
2015-12-10,2632.7449999999999
2015-12-11,2632.5999999999999
2015-12-14,2632.3699999999999
2015-12-15,2632.4749999999999
2015-12-16,2632.3299999999999
2015-12-17,2632.3400000000001
2015-12-18,2632.0949999999998
2015-12-21,2632.0149999999999
2015-12-22,2632.3049999999998
2015-12-23,2632.9349999999999
2015-12-24,2633.6199999999999
2015-12-25,2634.3400000000001
2015-12-28,2635.0749999999998
2015-12-29,2635.1500000000001
2015-12-30,2635.5149999999999
2015-12-31,2635.7649999999999
2016-01-04,2635.605
2016-01-05,2634.7199999999998
2016-01-06,2633.5999999999999
2016-01-07,2632.4699999999998
2016-01-08,2630.3000000000002
2016-01-11,2628.46
2016-01-12,2625.9099999999999
2016-01-13,2623.1849999999999
2016-01-14,2620.5549999999998
2016-01-15,2618.1900000000001
2016-01-18,2615.3249999999998
2016-01-19,2612.4299999999998
2016-01-20,2609.3800000000001
2016-01-21,2606.3000000000002
2016-01-22,2602.75
2016-01-25,2599.3899999999999
2016-01-26,2595.8499999999999
2016-01-27,2591.4299999999998
2016-01-28,2586.7249999999999
2016-01-29,2581.915
2016-02-01,2577.1100000000001
2016-02-02,2571.8649999999998
2016-02-03,2566.7449999999999
2016-02-04,2561.4549999999999
2016-02-05,2555.6199999999999
2016-02-15,2549.5349999999999
2016-02-16,2543.7649999999999
2016-02-17,2538.0650000000001
2016-02-18,2531.9250000000002
2016-02-19,2525.9200000000001
2016-02-22,2520.0949999999998
2016-02-23,2514.0900000000001
2016-02-24,2508.0999999999999
2016-02-25,2502.1950000000002
2016-02-26,2495.8850000000002
2016-02-29,2489.6100000000001
2016-03-01,2483.8150000000001
2016-03-02,2478.2550000000001
2016-03-03,2473.2750000000001
2016-03-04,2468.2649999999999
2016-03-07,2463.3249999999998
2016-03-08,2458.2350000000001
2016-03-09,2453.3899999999999
2016-03-10,2448.5599999999999
2016-03-11,2443.8249999999998
2016-03-14,2439.4250000000002
2016-03-15,2434.4749999999999
2016-03-16,2429.6350000000002
2016-03-17,2424.79
2016-03-18,2419.4549999999999
2016-03-21,2413.6399999999999
2016-03-22,2408.0
2016-03-23,2402.4200000000001
2016-03-24,2397.8800000000001
2016-03-25,2393.25
2016-03-28,2387.9850000000001
2016-03-29,2382.5450000000001
2016-03-30,2377.1100000000001
2016-03-31,2371.605
2016-04-01,2366.1149999999998
2016-04-05,2359.8049999999998
2016-04-06,2353.875
2016-04-07,2348.0999999999999
2016-04-08,2342.2950000000001
2016-04-11,2336.3499999999999
2016-04-12,2330.9899999999998
2016-04-13,2325.96
2016-04-14,2320.9250000000002
2016-04-15,2316.585
2016-04-18,2313.105
2016-04-19,2308.9949999999999
2016-04-20,2304.71
2016-04-21,2300.855
2016-04-22,2298.1550000000002
2016-04-25,2295.6350000000002
2016-04-26,2292.105
2016-04-27,2289.2249999999999
2016-04-28,2286.5250000000001
2016-04-29,2284.3400000000001
2016-05-03,2281.3049999999998
2016-05-04,2278.1500000000001
2016-05-05,2275.895
